index,Order ID,Cust ID,Gender,Age,Date,Status,Channel ,SKU,Category,Size,Qty,currency,Amount,ship-city,ship-state,ship-postal-code,ship-country,B2B
1,171-1029312-3038738,1029312,Women,44,12/4/2022,Delivered,Myntra,JNE1233-BLUE-KR-031-XXL,kurta,XXL,1,INR,376,MOHALI,PUNJAB,140301,IN,FALSE
2,405-2183842-2225946,2183842,Women,29,12/4/2022,Delivered,Ajio,SET414-KR-NP-L,Set,L,1,INR,1449,GURUGRAM,HARYANA,122002,IN,FALSE
3,171-1641533-8921966,1641533,Women,67,12/4/2022,Delivered,Myntra,SET261-KR-PP-S,Set,S,1,INR,453,KOLKATA,WEST BENGAL,700029,IN,FALSE
4,404-7490807-6300351,7490807,Women,20,12/4/2022,Delivered,Amazon,SET110-KR-PP-M,Set,M,1,INR,729,THANJAVUR,TAMIL NADU,613007,IN,FALSE
5,403-9293516-4577154,9293516,Women,62,12/4/2022,Delivered,Myntra,JNE2294-KR-A-XXL,kurta,XXL,1,INR,544,GURUGRAM,HARYANA,122001,IN,FALSE
6,407-1298130-0368305,1298130,Men,49,12/4/2022,Delivered,Flipkart,JNE3797-KR-XXL,Western Dress,XXL,One,INR,735,SANGLI MIRAJ KUPWAD,MAHARASHTRA,416436,IN,FALSE
7,407-1298130-0368305,1298130,W,23,12/4/2022,Delivered,Meesho,JNE3801-KR-XXL,kurta,XXL,One,INR,735,BENGALURU,KARNATAKA,560029,IN,FALSE
8,171-5561216-3398711,5561216,W,70,12/4/2022,Delivered,Others,JNE3405-KR-M,kurta,M,One,INR,435,GURUGRAM,HARYANA,122001,IN,FALSE
9,408-2935263-2935550,2935263,W,75,12/4/2022,Delivered,Amazon,JNE3474-KR-E-XL,kurta,XL,One,INR,385,BENGALURU,KARNATAKA,562149,IN,FALSE
10,404-2648970-9042715,2648970,W,43,12/4/2022,Delivered,Myntra,JNE3466-KR-L,kurta,L,One,INR,771,VIJAYAWADA,ANDHRA PRADESH,520002,IN,FALSE
11,404-2648970-9042715,2648970,W,76,12/4/2022,Delivered,Amazon,JNE3795-KR-S,kurta,S,One,INR,517,THIRUVANANTHAPURAM,KERALA,695018,IN,FALSE
12,404-2648970-9042715,2648970,Women,45,12/4/2022,Delivered,Myntra,J0181-TP-M,Top,M,1,INR,399,ARAKONAM,TAMIL NADU,631003,IN,FALSE
13,408-0265357-4939534,265357,Women,18,12/4/2022,Delivered,Amazon,SET217-KR-PP-XL,Set,XL,1,INR,786,GUWAHATI,ASSAM,781017,IN,FALSE
14,403-9268874-7296313,9268874,Men,44,12/4/2022,Delivered,Myntra,SET185-KR-NP-M,Set,M,1,INR,911,BENGALURU,KARNATAKA,562125,IN,FALSE
15,407-0442660-2736366,442660,Women,52,12/4/2022,Delivered,Amazon,SET333-KR-DPT-M,Set,M,1,INR,967,HYDERABAD,TELANGANA,500098,IN,FALSE
16,406-7482261-1657136,7482261,Women,18,12/4/2022,Delivered,Nalli,J0124-TP-L,Top,L,1,INR,523,NEW DELHI,DELHI,110062,IN,FALSE
17,407-7039962-7080347,7039962,Men,30,12/4/2022,Delivered,Meesho,SET304-KR-DPT-XL,Set,XL,1,INR,1115,Bhubaneswar,ODISHA,751022,IN,FALSE
18,407-3422488-7373923,3422488,Women,48,12/4/2022,Delivered,Others,SET184-KR-PP-XS,Set,XS,1,INR,563,SIROHI,RAJASTHAN,307001,IN,FALSE
19,171-8974687-6745940,8974687,Men,24,12/4/2022,Delivered,Myntra,J0161-DR-XXL,Western Dress,XXL,1,INR,473,MUMBAI,MAHARASHTRA,400097,IN,FALSE
20,406-0244536-2177175,244536,Women,46,12/4/2022,Delivered,Amazon,SET233-KR-PP-M,Set,M,1,INR,545,AMRITSAR,PUNJAB,143001,IN,FALSE
21,404-4376789-3345166,4376789,Women,43,12/4/2022,Delivered,Nalli,J0231-SKD-XXXL,Set,3XL,1,INR,1164,LUCKNOW,UTTAR PRADESH,226024,IN,FALSE
22,408-1943310-9789160,1943310,Men,31,12/4/2022,Refunded,Myntra,J0339-DR-XXL,Western Dress,XXL,1,INR,743,NEW DELHI,DELHI,110087,IN,FALSE
23,403-0950590-5005155,950590,Men,30,12/4/2022,Delivered,Myntra,SET210-KR-PP-XXXL,Set,3XL,1,INR,575,MADURAI,TAMIL NADU,625014,IN,FALSE
24,406-3935670-5720350,3935670,Women,19,12/4/2022,Delivered,Ajio,SET110-KR-PP-XS,Set,XS,1,INR,788,Meerut,UTTAR PRADESH,250002,IN,FALSE
25,402-0398999-0011565,398999,Women,37,12/4/2022,Delivered,Amazon,SET273-KR-NP-M,Set,M,1,INR,612,HYDERABAD,TELANGANA,500060,IN,FALSE
26,403-5438780-7231546,5438780,Women,37,12/4/2022,Delivered,Others,MEN5025-KR-XXL,kurta,XXL,1,INR,533,INDORE,MADHYA PRADESH,452014,IN,FALSE
27,406-8343960-8137102,8343960,Women,62,12/4/2022,Delivered,Flipkart,JNE3690-TU-XL,Top,XL,1,INR,484,DAVANAGERE,KARNATAKA,577004,IN,FALSE
28,406-0986513-0498758,986513,Men,20,12/4/2022,Delivered,Flipkart,SET184-KR-PP-XXXL,Set,3XL,1,INR,563,RUDRAPUR,UTTARAKHAND,263153,IN,FALSE
29,406-0947452-6044339,947452,Men,77,12/4/2022,Delivered,Flipkart,JNE3797-KR-XXL,Western Dress,XXL,1,INR,735,CHENNAI,TAMIL NADU,600103,IN,FALSE
30,406-1326018-3426760,1326018,Men,26,12/4/2022,Delivered,Amazon,SET183-KR-DH-XS,Set,XS,1,INR,759,PRAYAGRAJ,UTTAR PRADESH,230304,IN,FALSE
31,406-9281717-2212317,9281717,Men,40,12/4/2022,Delivered,Amazon,JNE3797-KR-XXL,Western Dress,XXL,1,INR,715,GREAT NICOBAR,ANDAMAN & NICOBAR ,744302,IN,FALSE
32,408-6866119-6793128,6866119,Men,52,12/4/2022,Delivered,Amazon,J0414-DR-XXL,Western Dress,XXL,1,INR,885,AHMEDABAD,GUJARAT,380058,IN,FALSE
33,403-9400852-1350710,9400852,Women,38,12/4/2022,Delivered,Others,JNE3601-KR-M,kurta,M,1,INR,301,SALEM,TAMIL NADU,636007,IN,FALSE
34,408-2606836-0473931,2606836,Men,39,12/4/2022,Delivered,Myntra,J0231-SKD-XL,Set,XL,1,INR,1238,GUWAHATI,ASSAM,781020,IN,FALSE
35,405-8481179-1130753,8481179,Men,37,12/4/2022,Delivered,Amazon,SET320-KR-NP-S,Set,S,1,INR,856,CHENNAI,TAMIL NADU,600119,IN,FALSE
36,406-9686095-5057139,9686095,Women,73,12/4/2022,Delivered,Flipkart,J0351-SET-L,Set,L,1,INR,650,VADODARA,GUJARAT,390021,IN,FALSE
37,404-9033015-7527503,9033015,Women,41,12/4/2022,Delivered,Amazon,JNE3368-KR-XL,kurta,XL,1,INR,449,Payyannur,KERALA,670309,IN,FALSE
38,402-6932218-7744338,6932218,Women,41,12/4/2022,Delivered,Myntra,SET333-KR-DPT-XS,Set,XS,1,INR,967,CHANDIGARH,CHANDIGARH,160036,IN,FALSE
39,408-8796291-5026713,8796291,Women,35,12/4/2022,Delivered,Amazon,JNE3423-KR-XL,kurta,XL,1,INR,399,GURUGRAM,HARYANA,122001,IN,FALSE
40,407-9654105-3225150,9654105,Women,72,12/4/2022,Delivered,Flipkart,J0230-SKD-M,Set,M,1,INR,969,MOHALI,PUNJAB,160062,IN,FALSE
41,402-0637532-2672317,637532,Men,39,12/4/2022,Delivered,Flipkart,J0159-DR-L,Western Dress,L,1,INR,599,BENGALURU,KARNATAKA,560061,IN,FALSE
42,402-0637532-2672317,637532,Women,39,12/4/2022,Delivered,Amazon,J0334-TP-S,Top,S,1,INR,545,PUNE,MAHARASHTRA,411051,IN,FALSE
43,404-3393819-5081930,3393819,Women,44,12/4/2022,Delivered,Myntra,SET397-KR-NP-XS,Set,XS,1,INR,1115,PUNE,MAHARASHTRA,412207,IN,FALSE
44,406-5673590-1054739,5673590,Women,22,12/4/2022,Delivered,Meesho,SET389-KR-NP-XL,Set,XL,1,INR,648,SONIPAT,HARYANA,131001,IN,FALSE
45,403-5846829-5098742,5846829,Women,64,12/4/2022,Delivered,Flipkart,J0248-KR-DPT-S,Set,S,1,INR,999,NELLORE,ANDHRA PRADESH,524002,IN,FALSE
46,171-4087298-3807569,4087298,Women,30,12/4/2022,Delivered,Amazon,NW001-TP-PJ-XXL,Set,XXL,1,INR,563,TIRUCHIRAPPALLI,TAMIL NADU,620101,IN,FALSE
47,408-7694743-7590732,7694743,Women,46,12/4/2022,Delivered,Myntra,J0092-SET-S,Set,S,1,INR,833,BENGALURU,KARNATAKA,562107,IN,FALSE
48,406-8068610-1108329,8068610,Women,48,12/4/2022,Delivered,Nalli,JNE3770-KR-S,kurta,S,1,INR,487,PUNE,MAHARASHTRA,411014,IN,FALSE
49,171-7917674-9759550,7917674,Women,25,12/4/2022,Delivered,Myntra,JNE3703-KR-M,kurta,M,1,INR,292,VARANASI,UTTAR PRADESH,221010,IN,FALSE
50,406-2709798-4585159,2709798,M,35,12/4/2022,Delivered,Others,SET210-KR-PP-M,Set,M,1,INR,558,UDUPI,KARNATAKA,574118,IN,FALSE
51,405-4213846-6141157,4213846,Women,27,12/4/2022,Delivered,Amazon,J0003-SET-M,Set,M,1,INR,664,HYDERABAD,TELANGANA,500039,IN,FALSE
52,407-7381557-9088310,7381557,Women,21,12/4/2022,Delivered,Others,J0230-SKD-M,Set,M,1,INR,1112,Allahabad,UTTAR PRADESH,211001,IN,FALSE
53,403-0817885-3061963,817885,Women,43,12/4/2022,Delivered,Others,J0113-TP-S,Top,S,1,INR,540,SOUTH DELHI,DELHI,110017,IN,FALSE
54,171-2439278-5433152,2439278,M,39,12/4/2022,Delivered,Myntra,SET268-KR-NP-XS,Set,XS,1,INR,698,KHALILABAD,UTTAR PRADESH,272175,IN,FALSE
55,405-8874360-4913961,8874360,M,23,12/4/2022,Delivered,Others,J0004-SKD-XXL,Set,XXL,1,INR,1115,NEW DELHI,DELHI,110016,IN,FALSE
56,408-4675134-5301129,4675134,Women,58,12/4/2022,Delivered,Meesho,SET209-KR-PP-XXL,Set,XXL,1,INR,507,HYDERABAD,TELANGANA,500008,IN,FALSE
57,402-9907523-6175562,9907523,M,27,12/4/2022,Delivered,Amazon,SET343-KR-NP-XS,Set,XS,1,INR,916,SULTANPUR,UTTAR PRADESH,228001,IN,FALSE
58,402-9907523-6175562,9907523,Women,38,12/4/2022,Delivered,Amazon,SAR008,Saree,Free,1,INR,737,MURWARA KATNI,MADHYA PRADESH,483501,IN,FALSE
59,407-7643005-7856329,7643005,M,75,12/4/2022,Delivered,Flipkart,SET402-KR-NP-XXXL,Set,3XL,1,INR,988,MUMBAI,MAHARASHTRA,400063,IN,FALSE
60,407-0381223-7065145,381223,M,47,12/4/2022,Delivered,Meesho,J0095-SET-XL,Set,XL,1,INR,633,CHENNAI,TAMIL NADU,600066,IN,FALSE
61,407-8538186-6616316,8538186,Women,62,12/4/2022,Delivered,Amazon,SET348-KR-NP-M,Set,M,1,INR,899,MAHENDRAGARH,HARYANA,123029,IN,FALSE
62,403-1785530-0119510,1785530,Women,42,12/4/2022,Delivered,Amazon,PJNE2100-KR-N-6XL,kurta,6XL,1,INR,764,BENGALURU,KARNATAKA,560103,IN,FALSE
63,403-0824767-1871567,824767,Women,34,12/4/2022,Delivered,Others,MEN5004-KR-XXXL,kurta,3XL,1,INR,688,CHENNAI,TAMIL NADU,600061,IN,FALSE
64,404-8169153-4411563,8169153,Women,20,12/4/2022,Delivered,Amazon,JNE3567-KR-L,kurta,L,1,INR,399,Bangalore,KARNATAKA,560054,IN,FALSE
65,406-5169174-3536336,5169174,Women,44,12/4/2022,Cancelled,Myntra,JNE3568-KR-XL,kurta,XL,1,INR,399,KALYAN,MAHARASHTRA,421306,IN,FALSE
66,402-2130722-4734768,2130722,Women,24,12/4/2022,Delivered,Myntra,J0090-TP-S,Top,S,1,INR,563,AHMEDABAD,GUJARAT,382470,IN,FALSE
67,404-8399604-8880365,8399604,Women,31,12/4/2022,Delivered,Amazon,JNE3461-KR-XL,kurta,XL,1,INR,363,KOLKATA,WEST BENGAL,700028,IN,FALSE
68,403-8213196-3804353,8213196,M,75,12/4/2022,Delivered,Myntra,SET218-KR-NP-S,Set,S,1,INR,667,BOKARO STEEL CITY,JHARKHAND,827001,IN,FALSE
69,408-3286680-0659521,3286680,Women,46,12/4/2022,Delivered,Myntra,SAR006,Saree,Free,1,INR,685,Panchkula,HARYANA,134116,IN,FALSE
70,403-6014983-8111514,6014983,Men,48,12/4/2022,Delivered,Myntra,SET272-KR-PP-S,Set,S,1,INR,852,PUNE,MAHARASHTRA,411021,IN,FALSE
71,403-6950860-5590722,6950860,Women,26,12/4/2022,Delivered,Amazon,SAR018,Saree,Free,1,INR,1075,PATNA,BIHAR,801113,IN,FALSE
72,406-7030051-2742704,7030051,Women,36,12/4/2022,Delivered,Myntra,J0094-KR-XXL,kurta,XXL,1,INR,563,NEW DELHI,DELHI,110084,IN,FALSE
73,404-6041386-2803516,6041386,Men,23,12/4/2022,Delivered,Flipkart,J0283-SET-XXL,Set,XXL,1,INR,1072,KALYAN,MAHARASHTRA,421201,IN,FALSE
74,404-7958450-6860328,7958450,Men,32,12/4/2022,Delivered,Amazon,SET339-KR-NP-XS,Set,XS,1,INR,702,Bengaluru,KARNATAKA,560095,IN,FALSE
75,408-7814128-2203552,7814128,Women,26,12/4/2022,Delivered,Nalli,SAR003,Saree,Free,1,INR,476,NAVI MUMBAI,MAHARASHTRA,400705,IN,FALSE
76,403-9793483-6877106,9793483,Men,45,12/4/2022,Delivered,Myntra,SET324-KR-NP-XL,Set,XL,1,INR,597,BENGALURU,KARNATAKA,560021,IN,FALSE
77,402-5297818-3665137,5297818,Women,49,12/4/2022,Delivered,Flipkart,SET403-KR-NP-XL,Set,XL,1,INR,969,VARKALA,KERALA,695141,IN,FALSE
78,171-2070545-3786767,2070545,Women,21,12/4/2022,Delivered,Flipkart,J0349-SET-XS,Set,XS,1,INR,801,BIKANER,RAJASTHAN,334001,IN,FALSE
79,406-1756314-4546723,1756314,Women,39,12/4/2022,Delivered,Myntra,JNE3560-KR-XL,kurta,XL,1,INR,481,GURUGRAM,HARYANA,122001,IN,FALSE
80,404-8786932-9447520,8786932,Men,55,12/4/2022,Delivered,Ajio,NW034-TP-PJ-M,Set,M,1,INR,595,BHARUCH,GUJARAT,392001,IN,FALSE
81,408-8573929-1921943,8573929,Women,30,12/4/2022,Delivered,Flipkart,JNE3518-KR-XXL,kurta,XXL,1,INR,458,MUMBAI,MAHARASHTRA,400097,IN,FALSE
82,408-8573929-1921943,8573929,Women,46,12/4/2022,Delivered,Amazon,JNE3160-KR-M,kurta,M,1,INR,729,kolkata,WEST BENGAL,700082,IN,FALSE
83,407-8980704-1408352,8980704,Women,59,12/4/2022,Cancelled,Myntra,JNE3487-KR-M,kurta,M,1,INR,345,NOIDA,UTTAR PRADESH,201304,IN,FALSE
84,171-2516658-6849136,2516658,Women,55,12/4/2022,Delivered,Flipkart,JNE3560-KR-M,kurta,M,1,INR,481,CHENNAI,TAMIL NADU,600077,IN,FALSE
85,404-0105497-2446747,105497,Women,37,12/4/2022,Refunded,Amazon,JNE3373-KR-S,kurta,S,1,INR,382,BHANDARA,MAHARASHTRA,441701,IN,FALSE
86,406-6468339-1490707,6468339,Men,19,12/4/2022,Delivered,Amazon,SET377-KR-NP-XS,Set,XS,1,INR,1036,MUMBAI,MAHARASHTRA,400093,IN,FALSE
87,402-6702100-7257107,6702100,Women,49,12/4/2022,Returned,Myntra,JNE3620-KR-S,kurta,S,1,INR,322,NEW DELHI,DELHI,110084,IN,FALSE
88,404-6243782-8199521,6243782,Women,33,12/4/2022,Delivered,Amazon,JNE3822-KR-L,kurta,L,1,INR,449,BHATKAL,KARNATAKA,581320,IN,FALSE
89,403-3641651-0348348,3641651,Men,22,12/4/2022,Delivered,Amazon,SET184-KR-PP-L,Set,L,1,INR,573,MUMBAI,MAHARASHTRA,400098,IN,FALSE
90,402-7662369-2719545,7662369,Women,18,12/4/2022,Delivered,Myntra,SET366-KR-NP-S,Set,S,1,INR,1163,RANCHI,JHARKHAND,834008,IN,FALSE
91,403-8575376-3341124,8575376,Women,32,12/4/2022,Delivered,Flipkart,SET253-KR-NP-L,Set,L,1,INR,737,HYDERABAD,TELANGANA,500020,IN,FALSE
92,403-7384618-1017125,7384618,Women,48,12/4/2022,Delivered,Flipkart,SET203-KR-DPT-L,Set,L,1,INR,429,CHENNAI,TAMIL NADU,600051,IN,FALSE
93,403-7384618-1017125,7384618,Women,36,12/4/2022,Delivered,Myntra,JNE3368-KR-XL,kurta,XL,1,INR,471,VISAKHAPATNAM,ANDHRA PRADESH,530003,IN,FALSE
94,403-3542194-2527546,3542194,W,20,12/4/2022,Delivered,Amazon,SAR028,Saree,Free,1,INR,307,Perambra,KERALA,673524,IN,FALSE
95,405-6859790-7125127,6859790,W,48,12/4/2022,Delivered,Meesho,SET024-KR-SP-A-M,kurta,M,1,INR,631,GURUGRAM,HARYANA,122002,IN,FALSE
96,403-0347306-1283554,347306,W,66,12/4/2022,Delivered,Amazon,JNE3794-KR-M,kurta,M,1,INR,517,HYDERABAD,TELANGANA,500090,IN,FALSE
97,406-7048232-6973930,7048232,W,60,12/4/2022,Delivered,Myntra,JNE3781-KR-S,kurta,S,1,INR,427,HAMIRPUR,HIMACHAL PRADESH,177005,IN,FALSE
98,404-5516090-4385135,5516090,Men,47,12/4/2022,Delivered,Others,J0338-DR-S,Western Dress,S,1,INR,855,Nayagarh,ODISHA,752069,IN,FALSE
99,403-0294848-6612317,294848,W,19,12/4/2022,Delivered,Flipkart,JNE3365-KR-1052-A-XXL,kurta,XXL,1,INR,376,BENGALURU,KARNATAKA,560075,IN,FALSE
100,408-6522716-9753142,6522716,Men,48,12/4/2022,Delivered,Amazon,JNE3805-KR-L,kurta,L,1,INR,487,BENGALURU,KARNATAKA,562125,IN,FALSE
101,408-6522716-9753142,6522716,Men,78,12/4/2022,Delivered,Myntra,SET319-KR-NP-M,Set,M,1,INR,852,NEW DELHI,DELHI,110034,IN,FALSE
102,408-3094141-6564325,3094141,W,40,12/4/2022,Delivered,Amazon,JNE3466-KR-XXL,kurta,XXL,1,INR,771,TIRUCHIRAPPALLI,TAMIL NADU,620017,IN,FALSE
103,405-8966819-1579535,8966819,W,38,12/4/2022,Delivered,Flipkart,JNE3805-KR-M,kurta,M,1,INR,487,PUDUVAYAL,TAMIL NADU,630108,IN,FALSE
104,404-2716293-0209115,2716293,W,21,12/4/2022,Delivered,Amazon,MEN5019-KR-XL,kurta,XL,1,INR,472,HYDERABAD,TELANGANA,500045,IN,FALSE
105,403-9848998-6793100,9848998,Women,38,12/4/2022,Delivered,Amazon,SAR015,Saree,Free,1,INR,790,UDAIPUR,RAJASTHAN,313001,IN,FALSE
106,171-6592212-4665122,6592212,Women,25,12/4/2022,Delivered,Amazon,JNE3794-KR-XS,kurta,XS,1,INR,517,PUDUCHERRY,PUDUCHERRY,605004,IN,FALSE
107,404-5467416-2849910,5467416,Women,35,12/4/2022,Delivered,Flipkart,SET135-KR-PP-XXXL,Set,3XL,1,INR,646,GREATER NOIDA,UTTAR PRADESH,201310,IN,FALSE
108,408-1265802-4542716,1265802,Women,23,12/4/2022,Delivered,Amazon,J0338-DR-XL,Western Dress,XL,1,INR,743,SECUNDERABAD,TELANGANA,500011,IN,FALSE
109,171-9585512-1214755,9585512,Women,61,12/4/2022,Delivered,Myntra,JNE2251-KR-537-XXL,kurta,XXL,1,INR,399,new delhi,DELHI,110063,IN,FALSE
110,405-6513430-0509918,6513430,Women,40,12/4/2022,Delivered,Flipkart,SET272-KR-PP-M,Set,M,1,INR,852,GREATER NOIDA,UTTAR PRADESH,201306,IN,FALSE
111,406-7694216-8034754,7694216,Men,32,12/4/2022,Delivered,Flipkart,SET197-KR-NP-M,Set,M,1,INR,759,MYSURU,KARNATAKA,570034,IN,FALSE
112,408-5911668-5550717,5911668,Women,31,12/4/2022,Delivered,Nalli,J0301-TP-XL,Top,XL,1,INR,493,NEW DELHI,DELHI,110059,IN,FALSE
113,404-5364170-6523532,5364170,Women,29,12/4/2022,Delivered,Amazon,JNE3518-KR-XXL,kurta,XXL,1,INR,458,JAIPUR,RAJASTHAN,303002,IN,FALSE
114,405-3614770-5449966,3614770,Women,27,12/4/2022,Delivered,Amazon,JNE3405-KR-M,kurta,M,1,INR,435,BIDAR,KARNATAKA,585401,IN,FALSE
115,404-1246579-1197122,1246579,Women,48,12/4/2022,Delivered,Amazon,SET251-KR-PP-XS,Set,XS,1,INR,759,BABUGARH,UTTAR PRADESH,245201,IN,FALSE
116,406-6695683-9996343,6695683,Men,30,12/4/2022,Cancelled,Myntra,SET282-KR-PP-L,Set,L,1,INR,1043,THANE,MAHARASHTRA,400606,IN,FALSE
117,404-1994186-3865941,1994186,Men,71,12/4/2022,Delivered,Myntra,SET268-KR-NP-M,Set,M,1,INR,698,UDAIPUR,RAJASTHAN,313001,IN,FALSE
118,404-0172471-1609129,172471,Women,41,12/4/2022,Delivered,Flipkart,JNE3648-TP-N-S,Top,S,1,INR,518,DOHAD,GUJARAT,389151,IN,FALSE
119,406-0681598-4591519,681598,Men,28,12/4/2022,Delivered,Myntra,J0308-DR-XXL,Western Dress,XXL,1,INR,625,Barasat,WEST BENGAL,700124,IN,FALSE
120,407-1388772-0703516,1388772,Women,19,12/4/2022,Delivered,Flipkart,MEN5026-KR-XXXL,kurta,3XL,1,INR,499,INDORE,MADHYA PRADESH,452001,IN,FALSE
121,408-3131740-5067529,3131740,Women,25,12/4/2022,Delivered,Myntra,JNE3642-TP-XS,Top,XS,1,INR,321,MUMBAI,MAHARASHTRA,400053,IN,FALSE
122,402-5496750-0331528,5496750,Women,57,12/4/2022,Delivered,Nalli,SET229-KR-PP-XS,Set,XS,1,INR,845,NAGAUR,RAJASTHAN,341305,IN,FALSE
123,402-5496750-0331528,5496750,Women,73,12/4/2022,Delivered,Amazon,J0132-KR-XS,kurta,XS,1,INR,358,NEW DELHI,DELHI,110085,IN,FALSE
124,403-0816846-6852364,816846,Women,50,12/4/2022,Delivered,Flipkart,JNE1234-MULTI-KR-032-XL,kurta,XL,1,INR,307,Coimbatore,TAMIL NADU,641031,IN,FALSE
125,408-0278400-0572330,278400,Women,31,12/4/2022,Delivered,Ajio,PJNE3068-KR-6XL,kurta,6XL,1,INR,692,NAVI MUMBAI,MAHARASHTRA,400701,IN,FALSE
126,403-8079606-6799503,8079606,Men,33,12/4/2022,Delivered,Ajio,SET313-KR-NP-XS,Set,XS,1,INR,1099,NEW DELHI,DELHI,110003,IN,FALSE
127,171-4636514-5082740,4636514,Women,31,12/4/2022,Delivered,Myntra,SET282-KR-PP-M,Set,M,1,INR,1033,BARASAT,WEST BENGAL,700124,IN,FALSE
128,406-9847734-4402766,9847734,Women,44,12/4/2022,Delivered,Myntra,JNE1525-KR-UDF19BLACK-XS,kurta,XS,1,INR,301,COIMBATORE,TAMIL NADU,641027,IN,FALSE
129,403-8860022-0290733,8860022,Women,26,12/4/2022,Delivered,Myntra,JNE3691-TU-L,Top,L,1,INR,625,RANCHI,JHARKHAND,834002,IN,FALSE
130,408-1669205-3638714,1669205,Women,25,12/4/2022,Delivered,Myntra,JNE3399-KR-M,kurta,M,1,INR,435,SANGAREDDY,TELANGANA,502001,IN,FALSE
131,406-6737238-3993139,6737238,Women,49,12/4/2022,Delivered,Amazon,JNE3790-KR-XXXL,kurta,3XL,1,INR,307,PUNE,MAHARASHTRA,411041,IN,FALSE
132,402-9605076-2885164,9605076,Men,59,12/4/2022,Delivered,Amazon,SET268-KR-NP-L,Set,L,1,INR,788,Buxar,BIHAR,802133,IN,FALSE
133,406-9542566-5579564,9542566,Women,21,12/4/2022,Delivered,Amazon,SET393-KR-NP-M,Set,M,1,INR,999,KANJIKODE INDUSTRIAL AREA,KERALA,678623,IN,FALSE
134,408-1540604-8952365,1540604,Women,31,12/4/2022,Delivered,Amazon,J0329-KR-XS,kurta,XS,1,INR,852,HYDERABAD,TELANGANA,508126,IN,FALSE
135,405-9367631-7902714,9367631,Women,34,12/4/2022,Delivered,Amazon,SET397-KR-NP  -M,Set,M,1,INR,999,ALLAHABAD,UTTAR PRADESH,211002,IN,FALSE
136,403-0595996-9383507,595996,Men,72,12/4/2022,Delivered,Amazon,J0008-SKD-M,Set,M,1,INR,1075,DIU,DADRA AND NAGAR,362520,IN,FALSE
137,407-8256896-7645127,8256896,Men,22,12/4/2022,Delivered,Amazon,SET320-KR-NP-S,Set,S,1,INR,845,PATNA,BIHAR,801505,IN,FALSE
138,407-1064158-5677135,1064158,Men,35,12/4/2022,Delivered,Myntra,J0003-SET-S,Set,S,1,INR,664,Yacharam,TELANGANA,501509,IN,FALSE
139,407-2727693-8699567,2727693,Women,31,12/4/2022,Delivered,Flipkart,SET304-KR-DPT-M,Set,M,1,INR,1186,Kannur,KERALA,670304,IN,FALSE
140,171-6844452-3288337,6844452,Men,34,12/4/2022,Returned,Meesho,J0382-SKD-XXL,Set,XXL,1,INR,1258,Port blair,ANDAMAN & NICOBAR ,744103,IN,FALSE
141,171-6908439-1987505,6908439,Women,46,12/4/2022,Refunded,Amazon,JNE3405-KR-XXL,kurta,XXL,1,INR,399,MUZAFFARNAGAR,UTTAR PRADESH,251001,IN,FALSE
142,406-9626742-4153157,9626742,Men,63,12/4/2022,Delivered,Amazon,JNE3797-KR-A-M,Western Dress,M,1,INR,771,MANMAD,MAHARASHTRA,423104,IN,FALSE
143,403-9383537-0791567,9383537,Women,33,12/4/2022,Delivered,Amazon,JNE3611-KR-XXL,kurta,XXL,1,INR,459,SURYAPET,TELANGANA,508213,IN,FALSE
144,403-6048785-9857964,6048785,Women,58,12/4/2022,Delivered,Amazon,JNE3546-KR-L,kurta,L,1,INR,468,BENGALURU,KARNATAKA,560100,IN,FALSE
145,402-1040945-8225167,1040945,Women,27,12/4/2022,Delivered,Flipkart,MEN5007-KR-L,kurta,L,1,INR,475,PIMPRI CHINCHWAD,MAHARASHTRA,411033,IN,FALSE
146,171-8224545-5941925,8224545,Men,24,12/4/2022,Delivered,Flipkart,SET333-KR-DPT-M,Set,M,1,INR,967,Kollam,KERALA,691601,IN,FALSE
147,405-8391201-0161964,8391201,Men,45,12/4/2022,Delivered,Flipkart,JNE3860-DR-L,Western Dress,L,1,INR,614,BENGALURU,KARNATAKA,560099,IN,FALSE
148,406-2036568-3507558,2036568,Women,22,12/4/2022,Delivered,Amazon,SET268-KR-NP-L,Set,L,1,INR,788,Vadodara,GUJARAT,390024,IN,FALSE
149,407-0131231-1980322,131231,Women,42,12/4/2022,Returned,Nalli,J0382-SKD-XS,Set,XS,1,INR,1173,BENGALURU,KARNATAKA,560004,IN,FALSE
150,407-0131231-1980322,131231,Women,18,12/4/2022,Returned,Amazon,J0112-TP-M,Top,M,1,INR,359,lucknow,UTTAR PRADESH,226010,IN,FALSE
151,402-5387048-4695525,5387048,Women,55,12/4/2022,Delivered,Nalli,J0201-TP-S,Top,S,1,INR,625,SECUNDERABAD,TELANGANA,500017,IN,FALSE
152,402-4700322-7377926,4700322,Women,25,12/4/2022,Returned,Amazon,SET377-KR-NP-S,Set,S,1,INR,1238,JAIPUR,RAJASTHAN,302017,IN,FALSE
153,405-4774074-9942741,4774074,Men,30,12/4/2022,Delivered,Amazon,SET321-KR-DPT-XXL,Set,XXL,1,INR,927,LUCKNOW,UTTAR PRADESH,226021,IN,FALSE
154,408-4236224-6705913,4236224,Women,46,12/4/2022,Delivered,Amazon,JNE3510-KR-XL,kurta,XL,1,INR,424,GURUGRAM,HARYANA,122001,IN,FALSE
155,402-9698056-3215551,9698056,Men,27,12/4/2022,Delivered,Myntra,J0333-DR-L,Western Dress,L,1,INR,825,BENGALURU,KARNATAKA,560067,IN,FALSE
156,404-1092399-0229128,1092399,Women,46,12/4/2022,Returned,Amazon,SET328-KR-NP-L,Set,L,1,INR,545,BENGALURU,KARNATAKA,560037,IN,FALSE
157,408-1867708-9856317,1867708,Men,20,12/4/2022,Delivered,Amazon,J0134-SET-XL,Set,XL,1,INR,729,PUNE,MAHARASHTRA,412207,IN,FALSE
158,402-7163849-6357160,7163849,Women,26,12/4/2022,Returned,Myntra,J0088-TP-S,Top,S,1,INR,497,ERNAKULAM,KERALA,682017,IN,FALSE
159,408-7372776-3077164,7372776,Men,49,12/4/2022,Delivered,Myntra,JNE3905-DR-M,Western Dress,M,1,INR,625,MUMBAI,MAHARASHTRA,400078,IN,FALSE
160,405-7757271-3277914,7757271,Women,32,12/4/2022,Delivered,Myntra,JNE3693-KR-S,kurta,S,1,INR,319,HARIDWAR,UTTARAKHAND,249405,IN,FALSE
161,407-6304030-7294757,6304030,Women,34,12/4/2022,Delivered,Myntra,SAR002,Saree,Free,1,INR,729,MAHNAR BAZAR,BIHAR,844506,IN,FALSE
162,407-6304030-7294757,6304030,Women,28,12/4/2022,Delivered,Flipkart,SAR029,Saree,Free,1,INR,365,LALITPUR,UTTAR PRADESH,284403,IN,FALSE
163,408-7790665-4334734,7790665,Women,36,12/4/2022,Delivered,Ajio,BL113-XXL,Blouse,XXL,1,INR,563,BELAGAVI,KARNATAKA,590019,IN,FALSE
164,407-5595686-6100341,5595686,Women,73,12/4/2022,Delivered,Others,JNE3405-KR-L,kurta,L,1,INR,399,NEW DELHI,DELHI,110067,IN,FALSE
165,405-8251665-3225166,8251665,Women,56,12/4/2022,Delivered,Flipkart,SET359-KR-NP-S,Set,S,1,INR,899,HYDERABAD,TELANGANA,500049,IN,FALSE
166,171-7054852-3448331,7054852,Men,73,12/4/2022,Delivered,Meesho,NW020-ST-SR-XS,Set,XS,1,INR,525,BENGALURU,KARNATAKA,560025,IN,FALSE
167,403-1132538-4037168,1132538,Women,18,12/4/2022,Delivered,Amazon,JNE3475-KR-K-XL,kurta,XL,1,INR,323,CHENNAI,TAMIL NADU,600014,IN,FALSE
168,402-2642921-6231538,2642921,Women,48,12/4/2022,Delivered,Ajio,J0012-SKD-L,Set,L,1,INR,1137,AHMEDABAD,GUJARAT,380002,IN,FALSE
169,406-6293095-0239521,6293095,Women,28,12/4/2022,Delivered,Amazon,JNE3313-KR-XXL,kurta,XXL,1,INR,582,SECUNDERABAD,TELANGANA,500056,IN,FALSE
170,402-2438137-5393935,2438137,Men,74,12/4/2022,Delivered,Others,J0108-SKD-XL,Set,XL,1,INR,1083,MOHALI,PUNJAB,140307,IN,FALSE
171,407-6539984-2399543,6539984,Men,40,12/4/2022,Delivered,Flipkart,SET375-KR-NP-S,Set,S,1,INR,696,PUNE,MAHARASHTRA,411028,IN,FALSE
172,403-4740407-5307521,4740407,Men,71,12/4/2022,Delivered,Myntra,J0341-DR-XXL,Western Dress,XXL,1,INR,842,HYDERABAD,TELANGANA,500089,IN,FALSE
173,408-9159866-0466729,9159866,Men,22,12/4/2022,Delivered,Myntra,SET355-KR-PP-XXL,Set,XXL,1,INR,1229,KANPUR,UTTAR PRADESH,208011,IN,FALSE
174,403-1619866-3571523,1619866,Women,18,12/4/2022,Cancelled,Myntra,SET268-KR-NP-XL,Set,XL,1,INR,698,Hyderabad,TELANGANA,500034,IN,FALSE
175,406-6502399-8558757,6502399,Women,48,12/4/2022,Delivered,Myntra,JNE3568-KR-XL,kurta,XL,1,INR,435,MEERUT,UTTAR PRADESH,250001,IN,FALSE
176,408-7238770-6140358,7238770,Men,24,12/4/2022,Delivered,Nalli,J0285-SKD-L,Set,L,1,INR,1442,COIMBATORE,TAMIL NADU,641018,IN,FALSE
177,407-1376871-0295557,1376871,Men,41,12/4/2022,Delivered,Others,J0005-DR-XL,Western Dress,XL,1,INR,899,HYDERABAD,TELANGANA,500028,IN,FALSE
178,408-8257154-7073948,8257154,Men,53,12/4/2022,Delivered,Myntra,SET374-KR-NP-L,Set,L,1,INR,597,UDAIPUR,RAJASTHAN,313001,IN,FALSE
179,404-4145340-2637920,4145340,Men,29,12/4/2022,Delivered,Flipkart,J0164-DR-S,Ethnic Dress,S,1,INR,362,Kolkata,WEST BENGAL,700033,IN,FALSE
180,405-9073647-9045956,9073647,Women,37,12/4/2022,Delivered,Amazon,JNE3515-KR-XXXL,kurta,3XL,1,INR,453,HYDERABAD,TELANGANA,500020,IN,FALSE
181,408-8882909-7090727,8882909,Women,73,12/4/2022,Delivered,Myntra,SET350-KR-NP-XXL,Set,XXL,1,INR,1299,Mumbai,MAHARASHTRA,400060,IN,FALSE
182,405-9353236-5655530,9353236,Men,42,12/4/2022,Delivered,Others,J0230-SKD-XL,Set,XL,1,INR,969,DIBRUGARH,ASSAM,786001,IN,FALSE
183,404-8519920-6090711,8519920,Women,33,12/4/2022,Delivered,Flipkart,J0373-KR-XXXL,kurta,3XL,1,INR,558,NUZVID,ANDHRA PRADESH,521201,IN,FALSE
184,408-9860710-2994745,9860710,Women,29,12/4/2022,Delivered,Myntra,JNE3806-KR-XXXL,kurta,3XL,1,INR,545,KOLHAPUR,MAHARASHTRA,416003,IN,FALSE
185,407-9474390-3484334,9474390,Women,39,12/4/2022,Delivered,Flipkart,JNE3463-KR-L,kurta,L,1,INR,561,CHENNAI,TAMIL NADU,600087,IN,FALSE
186,407-5085571-9113956,5085571,Men,42,12/4/2022,Delivered,Myntra,JNE3797-KR-XXXL,Western Dress,3XL,1,INR,735,HYDERABAD,TELANGANA,500013,IN,FALSE
187,405-9457709-1221161,9457709,Women,59,12/4/2022,Delivered,Myntra,J0104-KR-XS,kurta,XS,1,INR,446,KOZHIKODE,KERALA,673580,IN,FALSE
188,171-2746120-7458740,2746120,Men,46,12/4/2022,Delivered,Amazon,SET348-KR-NP-XXXL,Set,3XL,1,INR,882,JAIPUR,RAJASTHAN,302021,IN,FALSE
189,403-1878389-1237106,1878389,Women,48,12/4/2022,Delivered,Flipkart,J0230-SKD-XXL,Set,XXL,1,INR,1163,MUMBAI,MAHARASHTRA,400074,IN,FALSE
190,403-0476685-3465137,476685,Men,33,12/4/2022,Delivered,Others,J0002-SKD-XXL,Set,XXL,1,INR,1125,KOLKATA,WEST BENGAL,700021,IN,FALSE
191,403-0476685-3465137,476685,Women,22,12/4/2022,Delivered,Amazon,JNE3708-TU-L,Top,L,1,INR,690,NEW DELHI,DELHI,110025,IN,FALSE
192,171-1845045-0161128,1845045,Women,23,12/4/2022,Delivered,Flipkart,NW003-TP-PJ-XL,Set,XL,1,INR,495,AURANGABAD,MAHARASHTRA,431001,IN,FALSE
193,404-9933073-6187548,9933073,Women,42,12/4/2022,Delivered,Flipkart,JNE3440-KR-N-XXXL,kurta,3XL,1,INR,422,HYDERABAD,TELANGANA,500085,IN,FALSE
194,404-5497347-2324338,5497347,Women,38,12/4/2022,Delivered,Amazon,JNE3423-KR-L,kurta,L,1,INR,399,CHHAPI,GUJARAT,385210,IN,FALSE
195,408-7912532-3769108,7912532,Women,39,12/4/2022,Delivered,Myntra,JNE3568-KR-XXL,kurta,XXL,1,INR,399,Adilabad,TELANGANA,504001,IN,FALSE
196,171-9766258-8979520,9766258,Women,50,12/4/2022,Delivered,Myntra,SET397-KR-NP-XS,Set,XS,1,INR,969,HYDERABAD,TELANGANA,500037,IN,FALSE
197,406-1473140-7914743,1473140,Men,31,12/4/2022,Delivered,Flipkart,J0348-SET-M,Set,M,1,INR,499,NOIDA,UTTAR PRADESH,201309,IN,FALSE
198,403-0524091-8412339,524091,Women,33,12/4/2022,Delivered,Ajio,PJNE3068-KR-4XL,kurta,4XL,1,INR,692,LUCKNOW,UTTAR PRADESH,226001,IN,FALSE
199,402-6280655-6962731,6280655,Women,23,12/4/2022,Delivered,Myntra,J0301-TP-XXL,Top,XXL,1,INR,464,NOIDA,UTTAR PRADESH,201301,IN,FALSE
200,405-1920070-1571501,1920070,Men,57,12/4/2022,Delivered,Meesho,SET332-KR-PP-S,Set,S,1,INR,525,TUNI,ANDHRA PRADESH,533401,IN,FALSE
201,406-2265901-9858750,2265901,Women,35,12/4/2022,Delivered,Meesho,SET268-KR-NP-L,Set,L,1,INR,788,Solapur,MAHARASHTRA,413004,IN,FALSE
202,406-0476593-3693958,476593,Women,29,12/4/2022,Returned,Myntra,SET277-KR-NP-M,Set,M,1,INR,1268,HYDERABAD,TELANGANA,501505,IN,FALSE
203,406-0476593-3693958,476593,Women,69,12/4/2022,Delivered,Flipkart,SET219-KR-PP-XXXL,Set,3XL,1,INR,635,GWALIOR,MADHYA PRADESH,474001,IN,FALSE
204,171-8490583-2352307,8490583,Women,49,12/4/2022,Delivered,Meesho,JNE3522-KR-L,kurta,L,1,INR,342,HYDERABAD,TELANGANA,500072,IN,FALSE
205,404-5716384-0233143,5716384,Women,31,12/4/2022,Delivered,Myntra,SAR002,Saree,Free,1,INR,630,Chennai,TAMIL NADU,600063,IN,FALSE
206,404-5226206-1753945,5226206,Women,38,12/4/2022,Delivered,Amazon,J0297-TP-M,Top,M,1,INR,574,SINGTAM,SIKKIM,737134,IN,FALSE
207,405-3951365-4622755,3951365,Men,46,12/4/2022,Delivered,Flipkart,SET345-KR-NP-S,Set,S,1,INR,635,KOTTAYAM,KERALA,686002,IN,FALSE
208,403-2485702-8968337,2485702,Women,46,12/4/2022,Delivered,Myntra,SET291-KR-PP-S,Set,S,1,INR,579,VASCO DA GAMA,GOA,403726,IN,FALSE
209,404-5716802-5805922,5716802,Men,68,12/4/2022,Delivered,Myntra,JNE3607-KR-XS,kurta,XS,1,INR,417,ITANAGAR,ARUNACHAL PRADESH,791111,IN,FALSE
210,408-8120045-5093125,8120045,Women,20,12/4/2022,Delivered,Amazon,J0003-SET-XXXL,Set,3XL,1,INR,655,ROORKEE,UTTARAKHAND,247667,IN,FALSE
211,408-7328394-2683533,7328394,Women,57,12/4/2022,Delivered,Ajio,SET339-KR-NP-M,Set,M,1,INR,688,GURUGRAM,HARYANA,122001,IN,FALSE
212,406-6875530-0340315,6875530,Men,21,12/4/2022,Cancelled,Myntra,J0203-TP-XS,Top,XS,1,INR,568,HYDERABAD,TELANGANA,500059,IN,FALSE
213,171-3453298-1736319,3453298,Men,29,12/4/2022,Delivered,Amazon,SAR001,Saree,Free,1,INR,1176,BENGALURU,KARNATAKA,560064,IN,FALSE
214,406-6898340-9370767,6898340,Women,49,12/4/2022,Delivered,Nalli,SET374-KR-NP-XL,Set,XL,1,INR,635,AJMER,RAJASTHAN,305005,IN,FALSE
215,171-9867216-3827533,9867216,Women,68,12/4/2022,Delivered,Others,J0094-KR-XL,kurta,XL,1,INR,568,MUMBAI,MAHARASHTRA,400053,IN,FALSE
216,407-5042032-5902761,5042032,Women,31,12/4/2022,Delivered,Others,SET401-KR-NP-M,Set,M,1,INR,1186,HYDERABAD,TELANGANA,500055,IN,FALSE
217,402-0063406-6968362,63406,Women,19,12/4/2022,Delivered,Myntra,SET224-KR-NP-XXXL,Set,3XL,1,INR,1098,BENGALURU,KARNATAKA,560034,IN,FALSE
218,404-8307667-6071518,8307667,Men,30,12/4/2022,Delivered,Others,SET293-KR-NP-XL,Set,XL,1,INR,692,BENGALURU,KARNATAKA,560027,IN,FALSE
219,403-7968627-6588328,7968627,Women,26,12/4/2022,Delivered,Others,PJNE3068-KR-4XL,kurta,4XL,1,INR,1043,KALYAN,MAHARASHTRA,421306,IN,FALSE
220,408-5521742-2526737,5521742,Women,29,12/4/2022,Returned,Amazon,JNE3425-KR-L,kurta,L,1,INR,356,BENGALURU,KARNATAKA,560050,IN,FALSE
221,171-5834744-7793919,5834744,Women,66,12/4/2022,Delivered,Nalli,SET349-KR-NP-S,Set,S,1,INR,1093,GUNTUR,ANDHRA PRADESH,522019,IN,FALSE
222,408-7465655-2417933,7465655,Women,53,12/4/2022,Delivered,Amazon,SET183-KR-DH-M,Set,M,1,INR,759,PARGI,TELANGANA,501501,IN,FALSE
223,403-3665568-5477149,3665568,Women,41,12/4/2022,Delivered,Ajio,JNE3566-KR-XL,kurta,XL,1,INR,368,THRISSUR,KERALA,680022,IN,FALSE
224,405-7420219-7316315,7420219,Men,39,12/4/2022,Delivered,Amazon,J0341-DR-XL,Western Dress,XL,1,INR,744,Kolkata,WEST BENGAL,700051,IN,FALSE
225,406-5160745-8578760,5160745,Women,36,12/4/2022,Delivered,Myntra,SAR027,Saree,Free,1,INR,597,INDORE,MADHYA PRADESH,452001,IN,FALSE
226,408-8985896-3094744,8985896,Men,29,12/4/2022,Delivered,Amazon,J0137-SET-XXL,Set,XXL,1,INR,721,CHENNAI,TAMIL NADU,600092,IN,FALSE
227,404-9796800-6627547,9796800,Women,47,12/4/2022,Delivered,Amazon,JNE3252-KR-XXXL,kurta,3XL,1,INR,479,Kozikode,KERALA,673012,IN,FALSE
228,171-5617430-3197928,5617430,Women,20,12/4/2022,Delivered,Amazon,J0354-KR-M,kurta,M,1,INR,635,HYDERABAD,TELANGANA,500084,IN,FALSE
229,402-8714035-8722711,8714035,Women,44,12/4/2022,Cancelled,Amazon,SET374-KR-NP-XS,Set,XS,1,INR,589,THUMBE,KARNATAKA,574143,IN,FALSE
230,404-1798937-4461134,1798937,Women,38,12/4/2022,Delivered,Others,SET144-KR-NP-S,Set,S,1,INR,788,JALANDHAR,PUNJAB,144005,IN,FALSE
231,404-2448060-6133124,2448060,Women,28,12/4/2022,Delivered,Amazon,MEN5032-KR-XXXL,kurta,3XL,1,INR,811,GURUGRAM,HARYANA,122009,IN,FALSE
232,404-2448060-6133124,2448060,Women,35,12/4/2022,Delivered,Myntra,MEN5025-KR-S,kurta,S,1,INR,547,PATNA,BIHAR,801505,IN,FALSE
233,404-2448060-6133124,2448060,Women,21,12/4/2022,Delivered,Myntra,MEN5026-KR-XXL,kurta,XXL,1,INR,495,Gurgaon,HARYANA,122009,IN,FALSE
234,403-3863417-2662702,3863417,Women,56,12/4/2022,Delivered,Ajio,JNE3672-TU-L,Top,L,1,INR,574,Bangalore,KARNATAKA,560068,IN,FALSE
235,405-0282991-3215561,282991,Women,26,12/4/2022,Delivered,Myntra,J0346-SET-XS,Set,XS,1,INR,474,MUMBAI,MAHARASHTRA,400007,IN,FALSE
236,405-2276390-9797969,2276390,Men,37,12/4/2022,Delivered,Amazon,J0013-SKD-L,Set,L,1,INR,1099,MUMBAI,MAHARASHTRA,400076,IN,FALSE
237,404-0089951-1037143,89951,Men,63,12/4/2022,Delivered,Myntra,SET282-KR-PP-M,Set,M,1,INR,1099,KAITHAL,HARYANA,136027,IN,FALSE
238,407-2696952-4496353,2696952,Women,35,12/4/2022,Returned,Amazon,J0003-SET-XXXL,Set,3XL,1,INR,654,vikarabad,TELANGANA,501101,IN,FALSE
239,406-9622079-6413136,9622079,Women,18,12/4/2022,Delivered,Amazon,MEN5027-KR-XXL,kurta,XXL,1,INR,606,BENGALURU,KARNATAKA,560100,IN,FALSE
240,407-8773331-0580350,8773331,Women,33,12/4/2022,Delivered,Amazon,SET062-KR-SP-XXXL,Set,3XL,1,INR,684,KANNUR,KERALA,670005,IN,FALSE
241,402-1035887-0881935,1035887,Women,55,12/4/2022,Delivered,Amazon,SET287-KR-NP-M,Set,M,1,INR,542,TADONG,SIKKIM,737102,IN,FALSE
242,407-8863009-7029160,8863009,Women,20,12/4/2022,Returned,Nalli,NW014-ST-SR-M,Set,M,1,INR,560,NAGPUR,MAHARASHTRA,440033,IN,FALSE
243,407-8863009-7029160,8863009,Women,48,12/4/2022,Returned,Amazon,NW037-TP-SR-XL,Set,XL,1,INR,449,HYDERABAD,TELANGANA,500084,IN,FALSE
244,407-8863009-7029160,8863009,Women,48,12/4/2022,Returned,Ajio,PJ0096-KR-N-6XL,kurta,6XL,1,INR,1039,HYDERABAD,TELANGANA,500081,IN,FALSE
245,407-5771983-6473156,5771983,Women,43,12/4/2022,Delivered,Flipkart,NW035-ST-CP-XXL,Set,XXL,1,INR,582,IMPHAL,MANIPUR,795001,IN,FALSE
246,171-0442536-7993105,442536,Women,42,12/4/2022,Delivered,Flipkart,MEN5011-KR-L,kurta,L,1,INR,499,JABALPUR,MADHYA PRADESH,483053,IN,FALSE
247,406-5850336-2669159,5850336,Women,35,12/4/2022,Delivered,Amazon,JNE3779-KR-XL,kurta,XL,1,INR,346,HYDERABAD (500034),TELANGANA,500034,IN,FALSE
248,404-7926847-6820357,7926847,Women,32,12/4/2022,Delivered,Amazon,J0301-TP-XXL,Top,XXL,1,INR,487,PUNE,MAHARASHTRA,412307,IN,FALSE
249,407-1525291-4033115,1525291,Women,75,12/4/2022,Delivered,Myntra,J0391-TP-L,Top,L,1,INR,690,NEW DELHI,DELHI,110092,IN,FALSE
250,402-4283278-7350709,4283278,Women,28,12/4/2022,Delivered,Myntra,SET341-KR-NP-M,Set,M,1,INR,857,Chennai,TAMIL NADU,600015,IN,FALSE
251,408-4667355-3438769,4667355,Women,64,12/4/2022,Delivered,Others,J0340-TP-XS,Top,XS,1,INR,659,NEW DELHI,DELHI,110064,IN,FALSE
252,407-0085101-4310729,85101,Women,29,12/4/2022,Delivered,Amazon,J0095-SET-L,Set,L,1,INR,647,NEW DELHI,DELHI,110034,IN,FALSE
253,405-4215381-1387550,4215381,Women,41,12/4/2022,Delivered,Myntra,JNE3503-KR-S,kurta,S,1,INR,318,JAIPUR,RAJASTHAN,302017,IN,FALSE
254,402-8558087-9373934,8558087,Women,40,12/4/2022,Delivered,Amazon,J0089-TP-XXL,Top,XXL,1,INR,360,Bangalore,KARNATAKA,560064,IN,FALSE
255,171-5827792-5989157,5827792,Women,18,12/4/2022,Delivered,Flipkart,SET333-KR-DPT-XL,Set,XL,1,INR,909,KOLKATA,WEST BENGAL,700016,IN,TRUE
256,404-6723060-3710716,6723060,Women,31,12/4/2022,Delivered,Myntra,SET171-KR-NP-L,Set,L,1,INR,792,THOOTHUKKUDI,TAMIL NADU,628002,IN,FALSE
257,407-2944135-5841949,2944135,Men,44,12/4/2022,Delivered,Myntra,JNE3797-KR-XXXL,Western Dress,3XL,1,INR,725,NARASINGAPURAM VELLORE DISTRICT,TAMIL NADU,632406,IN,FALSE
258,403-5156440-5557142,5156440,Women,32,12/4/2022,Delivered,Amazon,MEN5027-KR-M,kurta,M,1,INR,625,EDATHIRUTHY,KERALA,680687,IN,FALSE
259,171-0228693-4451506,228693,Women,41,12/4/2022,Delivered,Ajio,SET291-KR-PP-XL,Set,XL,1,INR,563,PUNE,MAHARASHTRA,411024,IN,FALSE
260,404-2147583-0438768,2147583,Women,21,12/4/2022,Delivered,Amazon,J0083-KR-M,kurta,M,1,INR,565,PUNE,MAHARASHTRA,411021,IN,FALSE
261,403-6048700-0847561,6048700,Women,36,12/4/2022,Delivered,Flipkart,NW015-TP-PJ-XXL,Set,XXL,1,INR,501,BHIMAVARAM,ANDHRA PRADESH,534202,IN,FALSE
262,402-6722174-1193131,6722174,Men,48,12/4/2022,Cancelled,Flipkart,J0339-DR-M,Western Dress,M,1,INR,744,BENGALURU,KARNATAKA,560062,IN,FALSE
263,403-9624470-3476324,9624470,Women,48,12/4/2022,Cancelled,Ajio,JNE3431-KR-XS,kurta,XS,1,INR,333,Tiruppur,TAMIL NADU,641687,IN,FALSE
264,406-8164407-2451567,8164407,Men,21,12/4/2022,Delivered,Myntra,J0341-DR-XL,Western Dress,XL,1,INR,744,CUTTACK,ODISHA,753001,IN,FALSE
265,406-9640916-4101160,9640916,Women,46,12/4/2022,Delivered,Myntra,J0013-SKD-XXL,Set,XXL,1,INR,1085,Hissar,HARYANA,125005,IN,FALSE
266,404-0915050-8994707,915050,Men,40,12/4/2022,Returned,Flipkart,JNE3870-DR-XXXL,Western Dress,3XL,1,INR,721,RANBIRSINGHPORA,JAMMU & KASHMIR,181102,IN,FALSE
267,408-9285338-0178748,9285338,Women,23,12/4/2022,Delivered,Amazon,SET345-KR-NP-S,Set,S,1,INR,666,Jalna,MAHARASHTRA,431203,IN,FALSE
268,406-0644445-0198740,644445,Women,43,12/4/2022,Delivered,Amazon,J0122-TP-XXXL,Top,3XL,1,INR,329,MUMBAI,MAHARASHTRA,400094,IN,FALSE
269,406-4997330-6723506,4997330,Women,23,12/4/2022,Delivered,Meesho,SET384-KR-NP-M,Set,M,1,INR,599,NOIDA,UTTAR PRADESH,201301,IN,FALSE
270,406-3048145-0469117,3048145,Women,72,12/4/2022,Delivered,Amazon,MEN5011-KR-XL,kurta,XL,1,INR,698,BETTIAH,BIHAR,845438,IN,FALSE
271,407-7168499-5342708,7168499,Women,35,12/4/2022,Delivered,Myntra,J0160-TP-L,Top,L,1,INR,352,GHAZIABAD,UTTAR PRADESH,201014,IN,FALSE
272,406-3180908-1826707,3180908,Women,28,12/4/2022,Delivered,Amazon,SAR022,Saree,Free,1,INR,627,CHENNAI,TAMIL NADU,600064,IN,FALSE
273,406-2286700-9196347,2286700,Men,65,12/4/2022,Delivered,Nalli,SAR022,Saree,Free,1,INR,399,BENGALURU,KARNATAKA,560086,IN,FALSE
274,402-3305763-7175509,3305763,Men,36,12/4/2022,Delivered,Myntra,BL104-XL,Blouse,XL,1,INR,1149,PATNA,BIHAR,800023,IN,FALSE
275,171-5676727-5195556,5676727,Men,70,12/4/2022,Delivered,Meesho,BL087-S,Blouse,S,1,INR,647,BENGALURU,KARNATAKA,560076,IN,FALSE
276,406-8302065-7086738,8302065,Women,41,12/4/2022,Delivered,Amazon,SET357-KR-NP-L,Set,L,1,INR,725,BENGALURU,KARNATAKA,560078,IN,FALSE
277,404-7098912-5234706,7098912,Men,23,12/4/2022,Delivered,Ajio,BL103-L,Blouse,L,1,INR,665,NAVI MUMBAI,MAHARASHTRA,400706,IN,FALSE
278,407-3848348-8301958,3848348,Men,23,12/4/2022,Delivered,Amazon,J0005-DR-S,Western Dress,S,1,INR,1249,NEW DELHI,DELHI,110047,IN,FALSE
279,405-9613429-2310750,9613429,Women,48,12/4/2022,Delivered,Others,SAR024,Saree,Free,1,INR,877,Mavelikkara,KERALA,690558,IN,FALSE
280,405-9613429-2310750,9613429,Women,22,12/4/2022,Delivered,Amazon,SAR015,Saree,Free,1,INR,699,DABRA,MADHYA PRADESH,475110,IN,FALSE
281,403-2921633-1318754,2921633,Women,22,12/4/2022,Delivered,Flipkart,J0230-SKD-XXL,Set,XXL,1,INR,1111,RANCHI,JHARKHAND,834003,IN,FALSE
282,402-1713822-0853144,1713822,Women,36,12/4/2022,Delivered,Myntra,SET331-KR-NP-XXXL,Set,3XL,1,INR,635,NEW DELHI,DELHI,110092,IN,FALSE
283,402-9822747-1695509,9822747,Men,50,12/4/2022,Returned,Amazon,JNE3797-KR-XL,Western Dress,XL,1,INR,735,BENGALURU,KARNATAKA,560067,IN,FALSE
284,406-6548679-2663552,6548679,Women,40,12/4/2022,Delivered,Flipkart,SET299-KR-PP-L,Set,L,1,INR,825,BHUBANESWAR,ODISHA,751029,IN,FALSE
285,404-2406097-0070722,2406097,Women,22,12/4/2022,Delivered,Myntra,JNE3837-KR-XL,kurta,XL,1,INR,533,Bhupalpalle,TELANGANA,506169,IN,FALSE
286,404-2406097-0070722,2406097,Women,48,12/4/2022,Delivered,Flipkart,SET389-KR-NP-S,Set,S,1,INR,680,MUMBAI,MAHARASHTRA,400081,IN,FALSE
287,171-9919199-2172366,9919199,Women,48,12/4/2022,Delivered,Amazon,JNE3806-KR-XXL,kurta,XXL,1,INR,545,Bhopal,MADHYA PRADESH,462010,IN,FALSE
288,407-8024399-9735535,8024399,Women,39,12/4/2022,Delivered,Myntra,JNE3716-KR-M,kurta,M,1,INR,432,KOTA,RAJASTHAN,324005,IN,FALSE
289,407-7721497-0677130,7721497,Women,44,12/4/2022,Delivered,Amazon,SET154-KR-NP-L,Set,L,1,INR,832,AHMEDABAD,GUJARAT,380015,IN,FALSE
290,404-5590210-3310736,5590210,Women,66,12/4/2022,Refunded,Flipkart,JNE3404-KR-S,kurta,S,1,INR,487,NOIDA,UTTAR PRADESH,201301,IN,FALSE
291,405-5326871-4946749,5326871,Women,27,12/4/2022,Delivered,Ajio,JNE3837-KR-M,kurta,M,1,INR,533,LUCKNOW,UTTAR PRADESH,226012,IN,FALSE
292,403-0490720-7265113,490720,Women,23,12/4/2022,Delivered,Ajio,J0049-TP-XXL,Top,XXL,1,INR,321,INDORE,MADHYA PRADESH,452012,IN,FALSE
293,408-0391103-2451522,391103,Women,45,12/4/2022,Delivered,Flipkart,JNE3437-KR-L,kurta,L,1,INR,486,SHIVAMOGGA,KARNATAKA,577201,IN,FALSE
294,406-8905689-1231505,8905689,Women,38,12/4/2022,Delivered,Amazon,JNE3567-KR-M,kurta,M,1,INR,399,MORADABAD,UTTAR PRADESH,244102,IN,FALSE
295,406-4720373-1796308,4720373,Women,31,12/4/2022,Delivered,Amazon,JNE3522-KR-M,kurta,M,1,INR,342,BENGALURU,KARNATAKA,560023,IN,FALSE
296,171-0767351-4049960,767351,Women,35,12/4/2022,Delivered,Myntra,SET265-KR-NP-XL,Set,XL,1,INR,888,BENGALURU,KARNATAKA,560096,IN,FALSE
297,406-8967945-9865112,8967945,Women,38,12/4/2022,Delivered,Flipkart,JNE3818-KR-XXL,kurta,XXL,1,INR,461,KARJAT RAIGARH DISTRICT,MAHARASHTRA,410201,IN,FALSE
298,406-5675757-8121123,5675757,Women,19,12/4/2022,Delivered,Flipkart,J0337-TP-XXL,Top,XXL,1,INR,545,Agartala,TRIPURA,799210,IN,FALSE
299,404-8218066-2747520,8218066,Men,30,12/4/2022,Delivered,Others,JNE3797-KR-XXXL,Western Dress,3XL,1,INR,725,AMBARNATH East,MAHARASHTRA,421501,IN,FALSE
300,406-0529992-7047502,529992,Women,39,12/4/2022,Delivered,Flipkart,SET392-KR-NP-XL,Set,XL,1,INR,799,GUWAHATI,ASSAM,781017,IN,FALSE
301,402-6630432-1486758,6630432,Men,66,12/4/2022,Delivered,Ajio,J0005-DR-S,Western Dress,S,1,INR,899,HOWRAH,WEST BENGAL,711106,IN,FALSE
302,402-2194113-9960330,2194113,Women,42,12/4/2022,Delivered,Amazon,J0127-SKD-XL,Set,XL,1,INR,1186,DHANBAD,JHARKHAND,826001,IN,FALSE
303,408-7856161-4027511,7856161,Women,57,12/4/2022,Delivered,Amazon,J0113-TP-M,Top,M,1,INR,540,GURUGRAM,HARYANA,122004,IN,FALSE
304,406-0781206-8987568,781206,Women,26,12/4/2022,Delivered,Meesho,JNE3439-KR-XXL,kurta,XXL,1,INR,435,TIRUCHIRAPPALLI,TAMIL NADU,620005,IN,FALSE
305,402-7780555-9142724,7780555,Women,36,12/4/2022,Refunded,Amazon,J0346-SET-XL,Set,XL,1,INR,478,AMBARNATH,MAHARASHTRA,421501,IN,FALSE
306,406-6047509-9643544,6047509,Women,27,12/4/2022,Delivered,Flipkart,J0003-SET-M,Set,M,1,INR,664,LUCKNOW,UTTAR PRADESH,226018,IN,FALSE
307,404-6615959-0723530,6615959,Men,18,12/4/2022,Delivered,Flipkart,JNE3518-KR-S,kurta,S,1,INR,487,WANAPARTHY,TELANGANA,509103,IN,FALSE
308,404-6615959-0723530,6615959,Women,24,12/4/2022,Delivered,Flipkart,SET345-KR-NP-M,Set,M,1,INR,641,BENGALURU,KARNATAKA,560068,IN,FALSE
309,407-4084518-2229124,4084518,Men,31,12/4/2022,Delivered,Amazon,JNE3461-KR-L,kurta,L,1,INR,399,HYDERABAD,TELANGANA,500072,IN,FALSE
310,171-2902438-9165910,2902438,Women,33,12/4/2022,Delivered,Amazon,SET397-KR-NP-XL,Set,XL,1,INR,1115,KOLKATA,WEST BENGAL,700084,IN,FALSE
311,404-6082959-9813962,6082959,Men,40,12/4/2022,Delivered,Myntra,SAR021,Saree,Free,1,INR,729,Kolkata,WEST BENGAL,700132,IN,FALSE
312,403-0608880-2574737,608880,Women,48,12/4/2022,Delivered,Myntra,SET345-KR-NP-S,Set,S,1,INR,635,CHENNAI,TAMIL NADU,600062,IN,FALSE
313,402-5815426-9929904,5815426,Men,28,12/4/2022,Delivered,Myntra,SAR020,Saree,Free,1,INR,729,MAKRONIA BUZURG,MADHYA PRADESH,470004,IN,FALSE
314,408-4983896-0694703,4983896,Women,41,12/4/2022,Delivered,Ajio,SET319-KR-NP-XXL,Set,XXL,1,INR,877,KUNNATHUNAD,KERALA,683562,IN,FALSE
315,405-0249073-8317935,249073,Women,35,12/4/2022,Delivered,Amazon,SET334-KR-NP-M,Set,M,1,INR,666,TIRUPATI,ANDHRA PRADESH,517502,IN,FALSE
316,171-0296282-8433917,296282,Women,27,12/4/2022,Delivered,Flipkart,SAR013,Saree,Free,1,INR,1442,SOUTH WEST DELHI,New Delhi,110070,IN,FALSE
317,171-1853947-2973900,1853947,Women,74,12/4/2022,Delivered,Myntra,SAR019,Saree,Free,1,INR,790,KOLKATA,WEST BENGAL,700052,IN,FALSE
318,405-4651921-1784303,4651921,Women,65,12/4/2022,Delivered,Flipkart,SAR008,Saree,Free,1,INR,799,NAVI MUMBAI,MAHARASHTRA,400705,IN,FALSE
319,408-6987211-8854766,6987211,Women,53,12/4/2022,Delivered,Flipkart,J0236-SKD-XL,Set,XL,1,INR,950,PALI,RAJASTHAN,306021,IN,FALSE
320,407-4835989-5602707,4835989,Women,48,12/4/2022,Delivered,Ajio,BL096-XXL,Blouse,XXL,1,INR,641,INDORE,MADHYA PRADESH,452006,IN,FALSE
321,407-4835989-5602707,4835989,Women,24,12/4/2022,Delivered,Flipkart,SAR014,Saree,Free,1,INR,533,Kolkata,WEST BENGAL,700079,IN,FALSE
322,403-9124078-0215546,9124078,Women,64,12/4/2022,Returned,Amazon,J0003-SET-S,Set,S,1,INR,655,HYDERABAD,TELANGANA,500088,IN,FALSE
323,402-1781950-2669162,1781950,Women,30,12/4/2022,Delivered,Flipkart,SAR003,Saree,Free,1,INR,499,ZIRAKPUR,PUNJAB,160104,IN,FALSE
324,402-3695347-2013126,3695347,Women,22,12/4/2022,Delivered,Amazon,SET233-KR-PP-XXL,Set,XXL,1,INR,529,ANJAR,GUJARAT,370110,IN,FALSE
325,408-2332327-0487560,2332327,Women,23,12/4/2022,Delivered,Amazon,SET130-KR-NP-M,Set,M,1,INR,547,GANGTOK,SIKKIM,737101,IN,FALSE
326,403-6393323-6741142,6393323,Women,35,12/4/2022,Delivered,Amazon,PJNE2270-KR-N-5XL,kurta,5XL,1,INR,683,SITAPUR,UTTAR PRADESH,261001,IN,FALSE
327,407-1741029-5266753,1741029,Women,20,12/4/2022,Delivered,Amazon,JNE3712-TP-N-XXL,Top,XXL,1,INR,499,AHMEDABAD,GUJARAT,382481,IN,FALSE
328,403-9462001-4407543,9462001,Men,43,12/4/2022,Delivered,Ajio,J0212-DR-XL,Ethnic Dress,XL,1,INR,791,DEHRADUN,UTTARAKHAND,248171,IN,FALSE
329,403-6561746-7889157,6561746,Women,49,12/4/2022,Delivered,Nalli,J0041-SET-L,Set,L,1,INR,763,GUDIYATHAM,TAMIL NADU,632602,IN,FALSE
330,406-8231592-9325919,8231592,Women,47,12/4/2022,Delivered,Amazon,SAR026,Saree,Free,1,INR,650,DAUDNAGAR,BIHAR,824143,IN,FALSE
331,406-1813868-8437102,1813868,Women,41,12/4/2022,Delivered,Amazon,SAR026,Saree,Free,1,INR,329,DHARMASTHALA,KARNATAKA,574216,IN,FALSE
332,406-5627675-2622734,5627675,Women,40,12/4/2022,Returned,Ajio,SET098-KR-PP-M,Set,M,1,INR,672,KATIHAR,BIHAR,854105,IN,FALSE
333,407-2239856-6606703,2239856,Women,42,12/4/2022,Cancelled,Amazon,SET268-KR-NP-XXXL,Set,3XL,1,INR,788,BENGALURU,KARNATAKA,560068,IN,TRUE
334,171-7546685-6644333,7546685,Women,42,12/4/2022,Delivered,Myntra,JNE3703-KR-M,kurta,M,1,INR,292,CHENNAI,TAMIL NADU,600017,IN,FALSE
335,406-3017458-9363561,3017458,Women,28,12/4/2022,Delivered,Amazon,SAR027,Saree,Free,1,INR,399,HAZARIBAGH,JHARKHAND,825301,IN,FALSE
336,405-5708054-7423510,5708054,Women,38,12/4/2022,Delivered,Amazon,J0117-TP-XXL,Top,XXL,1,INR,726,KOLKATA,WEST BENGAL,700019,IN,FALSE
337,402-9342662-5811521,9342662,Women,39,12/4/2022,Delivered,Meesho,SET288-KR-NP-XXXL,Set,3XL,1,INR,684,CHANDIGARH,CHANDIGARH,160030,IN,FALSE
338,405-9584565-3810723,9584565,Women,67,12/4/2022,Delivered,Flipkart,SAR018,Saree,Free,1,INR,1099,Naharlgun nirjuli,ARUNACHAL PRADESH,791109,IN,FALSE
339,404-0229964-5801945,229964,Women,65,12/4/2022,Delivered,Myntra,JNE3399-KR-M,kurta,M,1,INR,435,HYDERABAD,TELANGANA,500060,IN,FALSE
340,171-2567899-3847556,2567899,Women,67,12/4/2022,Delivered,Flipkart,SET334-KR-NP-XL,Set,XL,1,INR,666,THANE,MAHARASHTRA,400604,IN,FALSE
341,408-3120227-6994715,3120227,Women,77,12/4/2022,Delivered,Flipkart,SET268-KR-NP-XL,Set,XL,1,INR,698,BELA PRATAPGARH,UTTAR PRADESH,230001,IN,FALSE
342,402-1162355-7211525,1162355,Women,36,12/4/2022,Delivered,Flipkart,JNE3818-KR-XXXL,kurta,3XL,1,INR,461,NEW DELHI,DELHI,110057,IN,FALSE
343,408-2844001-0981151,2844001,Women,53,12/4/2022,Delivered,Myntra,SAR003,Saree,Free,1,INR,534,HYDERABAD,TELANGANA,500039,IN,FALSE
344,402-1796640-7014716,1796640,Women,26,12/4/2022,Delivered,Flipkart,SET376-KR-NP-L,Set,L,1,INR,657,Visakhapatnam,ANDHRA PRADESH,530026,IN,FALSE
345,171-0223976-9461113,223976,Women,43,12/4/2022,Cancelled,Nalli,JNE3431-KR-M,kurta,M,1,INR,333,Dombivli,MAHARASHTRA,421201,IN,FALSE
346,404-8085873-0181948,8085873,Women,59,12/4/2022,Delivered,Amazon,SAR003,Saree,Free,1,INR,1319,BENGALURU,KARNATAKA,560060,IN,FALSE
347,407-7767130-4281167,7767130,Women,29,12/4/2022,Delivered,Myntra,JNE3405-KR-S,kurta,S,1,INR,399,Ranchi,JHARKHAND,834008,IN,FALSE
348,404-2118526-2790752,2118526,Women,34,12/4/2022,Delivered,Myntra,PJNE2100-KR-N-5XL,kurta,5XL,1,INR,452,PATNA,BIHAR,800024,IN,FALSE
349,402-7688970-4239508,7688970,Women,57,12/4/2022,Delivered,Flipkart,SET324-KR-NP-S,Set,S,1,INR,607,PALAKKAD,KERALA,678004,IN,FALSE
350,406-3678042-9067560,3678042,Women,30,12/4/2022,Delivered,Amazon,SET324-KR-NP-XL,Set,XL,1,INR,597,WARANGAL,TELANGANA,506001,IN,FALSE
351,406-4725061-4210743,4725061,Women,26,12/4/2022,Delivered,Myntra,SAR028,Saree,Free,1,INR,452,NEW DELHI,DELHI,110042,IN,FALSE
352,408-8125364-5064333,8125364,Women,32,12/4/2022,Delivered,Flipkart,SET398-KR-PP-XXL,Set,XXL,1,INR,1186,GHAZIABAD,UTTAR PRADESH,201010,IN,FALSE
353,407-7787158-3304334,7787158,Women,60,12/4/2022,Delivered,Myntra,JNE3461-KR-L,kurta,L,1,INR,352,ERODE,TAMIL NADU,638011,IN,FALSE
354,402-1559586-4174756,1559586,Women,37,12/4/2022,Delivered,Ajio,BL104-S,Blouse,S,1,INR,625,HYDERABAD,TELANGANA,500085,IN,FALSE
355,407-4277775-0428332,4277775,Women,49,12/4/2022,Delivered,Ajio,JNE3461-KR-XXXL,kurta,3XL,1,INR,399,CHENNAI,TAMIL NADU,600039,IN,FALSE
356,404-8238226-8953914,8238226,Women,62,12/4/2022,Delivered,Amazon,NW037-TP-SR-XS,Set,XS,1,INR,437,Pune,MAHARASHTRA,412115,IN,FALSE
357,404-3874867-5497948,3874867,Women,39,12/4/2022,Delivered,Myntra,PJNE2199-KR-N-4XL,kurta,4XL,1,INR,453,Kolhapur,MAHARASHTRA,416012,IN,FALSE
358,403-9065362-7267545,9065362,Women,42,12/4/2022,Returned,Flipkart,J0007-SKD-M,Set,M,1,INR,1065,raipur,CHHATTISGARH,492003,IN,FALSE
359,408-4405714-0789902,4405714,Women,38,12/4/2022,Delivered,Flipkart,JNE3623-KR-XS,kurta,XS,1,INR,362,BAGEPALLI,KARNATAKA,561207,IN,FALSE
360,403-1957132-0346731,1957132,Women,32,12/4/2022,Delivered,Flipkart,SAR025,Saree,Free,1,INR,791,GURGAON,HARYANA,122001,IN,FALSE
361,406-8630007-6024339,8630007,Women,37,12/4/2022,Delivered,Myntra,SAR025,Saree,Free,1,INR,353,KOLKATA,WEST BENGAL,700053,IN,FALSE
362,406-2849866-2096350,2849866,Women,20,12/4/2022,Delivered,Amazon,J0003-SET-XXXL,Set,3XL,1,INR,655,HYDERABAD,TELANGANA,500019,IN,FALSE
363,407-8910046-5091542,8910046,Women,33,12/4/2022,Delivered,Flipkart,JNE3405-KR-S,kurta,S,1,INR,435,Ghansoli,MAHARASHTRA,400701,IN,FALSE
364,171-3946363-9695506,3946363,Women,38,12/4/2022,Delivered,Amazon,JNE3716-KR-L,kurta,L,1,INR,432,KARUR,TAMIL NADU,639005,IN,FALSE
365,406-8490644-0317143,8490644,Men,24,12/4/2022,Cancelled,Amazon,JNE3870-DR-XL,Western Dress,XL,1,INR,721,Kozhikode,KERALA,673020,IN,FALSE
366,406-0017510-2532368,17510,Women,21,12/4/2022,Delivered,Amazon,SET172-KR-PP-B-M,Set,M,1,INR,968,WARDHA,MAHARASHTRA,442001,IN,FALSE
367,403-1607946-0444316,1607946,Women,31,12/4/2022,Delivered,Others,JNE3405-KR-XXXL,kurta,3XL,1,INR,399,NEW DELHI,DELHI,110003,IN,FALSE
368,408-4402120-6747556,4402120,Women,78,12/4/2022,Delivered,Amazon,JNE3567-KR-S,kurta,S,1,INR,399,VELLORE,TAMIL NADU,632006,IN,FALSE
369,171-6741005-1801114,6741005,Women,30,12/4/2022,Delivered,Amazon,SET195-KR-NP-A-XL,Set,XL,1,INR,737,HYDERABAD,TELANGANA,500085,IN,FALSE
370,404-7396160-3109963,7396160,Women,46,12/4/2022,Delivered,Amazon,SET278-KR-NP-L,Set,L,1,INR,1523,BENGALURU,KARNATAKA,560036,IN,FALSE
371,404-9872468-1444314,9872468,Women,20,12/4/2022,Delivered,Flipkart,JNE3654-TP-L,Top,L,1,INR,360,Tiswadi,GOA,403005,IN,FALSE
372,404-6685775-1613117,6685775,Women,22,12/4/2022,Delivered,Meesho,SET402-KR-NP-XL,Set,XL,1,INR,988,BENGALURU,KARNATAKA,560016,IN,FALSE
373,404-2742059-8824359,2742059,Women,18,12/4/2022,Delivered,Flipkart,NW005-ST-PJ-XXL,Set,XXL,1,INR,599,LUCKNOW,UTTAR PRADESH,226006,IN,FALSE
374,406-0431359-8413934,431359,Women,24,12/4/2022,Refunded,Flipkart,SET324-KR-NP-L,Set,L,1,INR,597,BERHAMPUR,ODISHA,760001,IN,FALSE
375,405-2254374-5147557,2254374,Women,39,12/4/2022,Delivered,Flipkart,JNE3560-KR-M,kurta,M,1,INR,544,Bengaluru,KARNATAKA,560099,IN,FALSE
376,407-2506744-5951526,2506744,Women,22,12/4/2022,Delivered,Amazon,J0003-SET-XXXL,Set,3XL,1,INR,654,GHAZIABAD,UTTAR PRADESH,201003,IN,FALSE
377,402-0225967-3261167,225967,Women,46,12/4/2022,Delivered,Amazon,J0008-SKD-M,Set,M,1,INR,1065,DUMRAON,BIHAR,802119,IN,FALSE
378,405-9746730-8113940,9746730,Women,45,12/4/2022,Delivered,Myntra,JNE3468-KR-XL,kurta,XL,1,INR,363,NEW DELHI,DELHI,110085,IN,FALSE
379,406-2994704-8893164,2994704,Women,22,12/4/2022,Delivered,Myntra,NW034-TP-PJ-XL,Set,XL,1,INR,613,SOLAPUR,MAHARASHTRA,413002,IN,FALSE
380,402-4768183-2277151,4768183,Women,49,12/4/2022,Delivered,Myntra,SAR030,Saree,Free,1,INR,852,BHAGALPUR,Bihar,812002,IN,FALSE
381,404-5358164-6149103,5358164,Women,23,12/4/2022,Delivered,Others,JNE3288-KR-L,kurta,L,1,INR,426,CHENNAI,TAMIL NADU,600045,IN,FALSE
382,171-8201125-9962754,8201125,Women,31,12/4/2022,Delivered,Flipkart,J0418-TP-S,Top,S,1,INR,704,KARNAL,HARYANA,132001,IN,FALSE
383,408-6455153-3669106,6455153,Women,28,12/4/2022,Delivered,Myntra,JNE3794-KR-XXXL,kurta,3XL,1,INR,517,hyderabad,TELANGANA,500083,IN,FALSE
384,408-6455153-3669106,6455153,Women,61,12/4/2022,Cancelled,Myntra,JNE3465-KR-L,kurta,L,1,INR,469,PUNE,MAHARASHTRA,411046,IN,FALSE
385,406-6936302-2339562,6936302,Women,50,12/4/2022,Delivered,Amazon,SAR025,Saree,Free,1,INR,696,KOLKATA,WEST BENGAL,700023,IN,FALSE
386,402-9117771-0156352,9117771,Women,32,12/4/2022,Delivered,Flipkart,SET364-KR-NP-XXL,Set,XXL,1,INR,1126,LUCKNOW,UTTAR PRADESH,226003,IN,FALSE
387,402-3176719-0844359,3176719,Women,78,12/4/2022,Delivered,Flipkart,SET345-KR-NP-M,Set,M,1,INR,635,KOLKATA,WEST BENGAL,700099,IN,FALSE
388,404-5627495-7389162,5627495,Women,32,12/4/2022,Delivered,Myntra,J0239-SKD-L,Set,L,1,INR,1299,PUNE,MAHARASHTRA,411038,IN,FALSE
389,171-8666099-9479515,8666099,Women,54,12/4/2022,Delivered,Amazon,SET269-KR-NP-XXL,Set,XXL,1,INR,824,RISHIKESH,UTTARAKHAND,249203,IN,FALSE
390,171-2950631-8351558,2950631,Women,43,12/4/2022,Delivered,Flipkart,JNE3739-KR-XL,kurta,XL,1,INR,441,HYDERABAD,TELANGANA,500020,IN,FALSE
391,171-2273061-9777923,2273061,Women,38,12/4/2022,Delivered,Amazon,J0342-TP-S,Top,S,1,INR,574,NAVI MUMBAI,MAHARASHTRA,410206,IN,FALSE
392,408-5272502-9527553,5272502,Women,45,12/4/2022,Delivered,Flipkart,JNE3775-KR-XS,kurta,XS,1,INR,301,ALLAHABAD,UTTAR PRADESH,211002,IN,FALSE
393,404-3639245-2253157,3639245,Women,39,12/4/2022,Cancelled,Ajio,SET268-KR-NP-XL,Set,XL,1,INR,698,GONDA,UTTAR PRADESH,271504,IN,FALSE
394,406-5199868-7786757,5199868,Women,51,12/4/2022,Delivered,Amazon,JNE3721-KR-M,kurta,M,1,INR,292,NAVI MUMBAI,MAHARASHTRA,400701,IN,FALSE
395,408-2633521-9125911,2633521,Women,30,12/4/2022,Returned,Flipkart,SET331-KR-NP-XL,Set,XL,1,INR,635,Kudukkimotta,KERALA,670592,IN,FALSE
396,406-3204932-9448315,3204932,Women,21,12/4/2022,Delivered,Myntra,SET209-KR-PP-S,Set,S,1,INR,523,Srikakulam,ANDHRA PRADESH,532001,IN,FALSE
397,405-8846329-1473130,8846329,Women,44,12/4/2022,Delivered,Flipkart,SET110-KR-PP-XXXL,Set,3XL,1,INR,837,Ramagundam,TELANGANA,505215,IN,FALSE
398,408-5669660-2079503,5669660,Men,20,12/4/2022,Delivered,Amazon,JNE3620-KR-M,kurta,M,1,INR,329,KOLKATA,WEST BENGAL,700032,IN,FALSE
399,408-3743867-9908301,3743867,Men,35,12/4/2022,Delivered,Amazon,JNE3738-KR-S,kurta,S,1,INR,383,DEHRADUN,UTTARAKHAND,248001,IN,FALSE
400,402-8790622-7591520,8790622,Men,18,12/4/2022,Delivered,Amazon,JNE3399-KR-XL,kurta,XL,1,INR,435,BENGALURU,KARNATAKA,560003,IN,FALSE
401,404-6016873-4061920,6016873,Men,49,12/4/2022,Delivered,Amazon,JNE3797-KR-XXXL,Western Dress,3XL,1,INR,715,Trichy,TAMIL NADU,620021,IN,FALSE
402,408-4515678-2038716,4515678,Women,46,12/4/2022,Delivered,Myntra,SET293-KR-NP-XL,Set,XL,1,INR,692,VENGARA,KERALA,676304,IN,FALSE
403,407-0206214-9199520,206214,Women,42,12/4/2022,Delivered,Ajio,SET392-KR-NP-XXL,Set,XXL,1,INR,751,AMRAVATI,MAHARASHTRA,444606,IN,FALSE
404,402-9158142-1673135,9158142,Men,23,12/4/2022,Delivered,Flipkart,JNE3405-KR-XXL,kurta,XXL,1,INR,399,THANE,MAHARASHTRA,400604,IN,FALSE
405,402-6580211-9975502,6580211,Women,36,12/4/2022,Delivered,Flipkart,JNE3605-KR-XL,kurta,XL,1,INR,481,NOIDA,UTTAR PRADESH,201305,IN,FALSE
406,407-8484605-5225931,8484605,Men,67,12/4/2022,Delivered,Ajio,J0339-DR-M,Western Dress,M,1,INR,744,GADAG BETIGERI,KARNATAKA,582101,IN,FALSE
407,407-7905996-4330721,7905996,Men,76,12/4/2022,Delivered,Meesho,J0341-DR-XXL,Western Dress,XXL,1,INR,791,HYDERABAD,TELANGANA,500083,IN,FALSE
408,404-3907505-1541107,3907505,Women,21,12/4/2022,Delivered,Myntra,MEN5032-KR-XXL,kurta,XXL,1,INR,787,NEW DELHI,DELHI,110047,IN,FALSE
409,404-3907505-1541107,3907505,Women,76,12/4/2022,Delivered,Myntra,MEN5025-KR-S,kurta,S,1,INR,764,Kolkata,WEST BENGAL,700026,IN,FALSE
410,405-2722190-1193960,2722190,Men,31,12/4/2022,Delivered,Flipkart,J0341-DR-XXXL,Western Dress,3XL,1,INR,842,HYDERABAD,TELANGANA,500072,IN,FALSE
411,405-0418007-4920325,418007,Women,27,12/4/2022,Delivered,Myntra,JNE3429-KR-XL,kurta,XL,1,INR,318,PALGHAR,MAHARASHTRA,401201,IN,FALSE
412,404-5462211-6965126,5462211,Men,19,12/4/2022,Returned,Ajio,JNE3798-KR-A-XXL,Western Dress,XXL,1,INR,771,COIMBATORE,TAMIL NADU,641044,IN,FALSE
413,407-2928531-4669118,2928531,Men,43,12/4/2022,Delivered,Flipkart,J0339-DR-L,Western Dress,L,1,INR,743,ETTUMANOOR,KERALA,686637,IN,FALSE
414,405-7292810-2395534,7292810,Women,36,12/4/2022,Delivered,Myntra,JNE3472-KR-S,kurta,S,1,INR,329,ERODE,TAMIL NADU,638011,IN,FALSE
415,403-9326035-9206751,9326035,Women,42,12/4/2022,Returned,Ajio,JNE3639-TP-N-XXL,Top,XXL,1,INR,518,BENGALURU,KARNATAKA,562149,IN,FALSE
416,171-6812698-7999567,6812698,Women,32,12/4/2022,Delivered,Amazon,SET398-KR-PP-XS,Set,XS,1,INR,1186,BENGALURU,KARNATAKA,560021,IN,FALSE
417,406-7886687-0751556,7886687,Women,36,12/4/2022,Delivered,Others,NW012-TP-PJ-XL,Set,XL,1,INR,521,BENGALURU,KARNATAKA,560037,IN,FALSE
418,406-7886687-0751556,7886687,Women,31,12/4/2022,Delivered,Flipkart,SAR027,Saree,Free,1,INR,635,MUZAFFARPUR,BIHAR,842001,IN,FALSE
419,406-7886687-0751556,7886687,Women,26,12/4/2022,Delivered,Ajio,BL103-M,Blouse,M,1,INR,850,Singrauli,MADHYA PRADESH,486890,IN,FALSE
420,408-3456962-9764315,3456962,Women,22,12/4/2022,Delivered,Meesho,BL104-L,Blouse,L,1,INR,545,MUMBAI,MAHARASHTRA,400005,IN,FALSE
421,404-0411709-7385150,411709,Men,34,12/4/2022,Delivered,Myntra,J0335-DR-L,Western Dress,L,1,INR,940,Koyyalagudem,ANDHRA PRADESH,534312,IN,FALSE
422,407-1344787-9871507,1344787,Women,51,12/4/2022,Delivered,Amazon,SET273-KR-NP-S,Set,S,1,INR,612,SHAHBAD,HARYANA,136135,IN,FALSE
423,171-2659259-1404303,2659259,Women,58,12/4/2022,Delivered,Nalli,SAR021,Saree,Free,1,INR,916,HYDERABAD,TELANGANA,500019,IN,FALSE
424,171-2659259-1404303,2659259,Women,21,12/4/2022,Delivered,Myntra,SAR025,Saree,Free,1,INR,747,DEHRADUN,UTTARAKHAND,248141,IN,FALSE
425,171-0305106-2384363,305106,Women,43,12/4/2022,Delivered,Myntra,SAR004,Saree,Free,1,INR,599,NEW DELHI,DELHI,110033,IN,FALSE
426,408-5678500-0253935,5678500,Women,42,12/4/2022,Delivered,Others,SAR011,Saree,Free,1,INR,459,BENGALURU,KARNATAKA,560068,IN,FALSE
427,408-3697381-1299504,3697381,Women,43,12/4/2022,Returned,Myntra,NW012-TP-PJ-XS,Set,XS,1,INR,560,BENGALURU,KARNATAKA,560016,IN,FALSE
428,402-8129717-4838741,8129717,Women,48,12/4/2022,Delivered,Flipkart,J0204-TP-XL,Top,XL,1,INR,751,SANGLI MIRAJ KUPWAD,MAHARASHTRA,416416,IN,FALSE
429,405-3833087-4361140,3833087,Women,60,12/4/2022,Delivered,Amazon,JNE3564-KR-L,kurta,L,1,INR,487,BENGALURU,KARNATAKA,560093,IN,FALSE
430,171-1274138-4366747,1274138,Women,74,12/4/2022,Delivered,Myntra,SET128-KR-DH-L,Set,L,1,INR,985,GREATER NOIDA,UTTAR PRADESH,201306,IN,FALSE
431,402-9198525-9884330,9198525,Women,26,12/4/2022,Delivered,Flipkart,SET350-KR-NP-XS,Set,XS,1,INR,1122,MUMBAI,MAHARASHTRA,400067,IN,FALSE
432,405-7457952-1411503,7457952,Women,39,12/4/2022,Delivered,Amazon,SET329-KR-NP-XL,Set,XL,1,INR,666,BENGALURU,KARNATAKA,560064,IN,FALSE
433,171-7699990-1206737,7699990,Women,41,12/4/2022,Delivered,Amazon,J0244-SKD-M,Set,M,1,INR,1205,CHENNAI,TAMIL NADU,600125,IN,FALSE
434,407-6424721-8534711,6424721,Men,77,12/4/2022,Delivered,Myntra,JNE3869-DR-XXL,Western Dress,XXL,1,INR,721,VASAI VIRAR,MAHARASHTRA,401202,IN,FALSE
435,406-2944289-9780307,2944289,Women,19,12/4/2022,Delivered,Flipkart,J0337-TP-XXXL,Top,3XL,1,INR,469,Karimnagar,TELANGANA,505001,IN,FALSE
436,407-2792923-9568332,2792923,Women,24,12/4/2022,Delivered,Myntra,JNE3399-KR-XXL,kurta,XXL,1,INR,435,BENGALURU,KARNATAKA,560091,IN,FALSE
437,403-3320475-3277105,3320475,Women,39,12/4/2022,Delivered,Amazon,SET393-KR-NP-XXL,Set,XXL,1,INR,1186,BHUBANESWAR,ODISHA,751020,IN,FALSE
438,408-8953982-1101145,8953982,Men,31,12/4/2022,Delivered,Ajio,JNE3798-KR-XS,Western Dress,XS,1,INR,735,SIRKALI,TAMIL NADU,609110,IN,FALSE
439,171-6114234-9173936,6114234,Women,61,12/4/2022,Delivered,Myntra,JNE3721-KR-L,kurta,L,1,INR,292,SECUNDERABAD,TELANGANA,500061,IN,FALSE
440,406-5161481-7949123,5161481,Men,57,12/4/2022,Delivered,Amazon,J0339-DR-XXL,Western Dress,XXL,1,INR,791,SURAT,GUJARAT,395001,IN,FALSE
441,171-3592356-2844355,3592356,Women,18,12/4/2022,Delivered,Flipkart,JNE3790-KR-M,kurta,M,1,INR,316,Bengaluru,KARNATAKA,560083,IN,FALSE
442,405-2156012-1676332,2156012,Women,37,12/4/2022,Delivered,Ajio,JNE3510-KR-XL,kurta,XL,1,INR,471,BENGALURU,KARNATAKA,560022,IN,FALSE
443,407-7763289-2889162,7763289,Men,19,12/4/2022,Delivered,Myntra,J0416-DR-XXL,Western Dress,XXL,1,INR,825,NEW DELHI,DELHI,110075,IN,FALSE
444,405-4103369-1897153,4103369,Women,38,12/4/2022,Delivered,Amazon,J0162-SKD-S,Set,S,1,INR,1199,NEW DELHI,DELHI,110010,IN,FALSE
445,402-0443362-1827532,443362,Women,26,12/4/2022,Refunded,Nalli,J0004-SKD-XS,Set,XS,1,INR,1115,AMBIKAPUR,CHHATTISGARH,497001,IN,FALSE
446,407-6267284-3340319,6267284,Women,41,12/4/2022,Delivered,Amazon,SAR019,Saree,Free,1,INR,449,SEDAM,KARNATAKA,585222,IN,FALSE
447,403-4684341-9100316,4684341,Women,54,12/4/2022,Delivered,Amazon,JNE3810-KR-XXL,kurta,XXL,1,INR,569,THANE,MAHARASHTRA,401107,IN,FALSE
448,405-6359794-8845948,6359794,Women,25,12/4/2022,Delivered,Flipkart,JNE3795-KR-XS,kurta,XS,1,INR,529,HYDERABAD,TELANGANA,500049,IN,FALSE
449,404-0585668-7605924,585668,Men,46,12/4/2022,Delivered,Ajio,J0416-DR-XS,Western Dress,XS,1,INR,776,GUWAHATI,ASSAM,781121,IN,FALSE
450,405-5140252-2700363,5140252,Women,34,12/4/2022,Cancelled,Amazon,JNE3721-KR-L,kurta,L,1,INR,292,GHAZIABAD,UTTAR PRADESH,201005,IN,FALSE
451,405-5694760-3734737,5694760,Women,27,12/4/2022,Delivered,Flipkart,J0041-SET-L,Set,L,1,INR,641,MUMBAI,MAHARASHTRA,400050,IN,FALSE
452,403-0823948-7106755,823948,Women,40,12/4/2022,Delivered,Amazon,SET377-KR-NP-XS,Set,XS,1,INR,1036,MUMBAI,MAHARASHTRA,400078,IN,FALSE
453,403-8869312-5542720,8869312,Women,18,12/4/2022,Delivered,Myntra,SET293-KR-NP-XL,Set,XL,1,INR,692,RISHIKESH,UTTARAKHAND,249202,IN,FALSE
454,171-0395605-4197937,395605,Women,29,12/4/2022,Delivered,Flipkart,J0095-SET-S,Set,S,1,INR,653,NEW DELHI,DELHI,110017,IN,FALSE
455,406-6399089-3723519,6399089,Men,25,12/4/2022,Delivered,Myntra,J0341-DR-S,Western Dress,S,1,INR,791,BENGALURU,KARNATAKA,560092,IN,FALSE
456,405-3884074-1912342,3884074,Women,73,12/4/2022,Delivered,Flipkart,SAR009,Saree,Free,1,INR,583,UDAIPUR,RAJASTHAN,313001,IN,FALSE
457,403-7035656-8372302,7035656,Women,18,12/4/2022,Delivered,Flipkart,SAR027,Saree,Free,1,INR,548,SOLAPUR,MAHARASHTRA,413002,IN,FALSE
458,406-1229439-6357914,1229439,Men,33,12/4/2022,Delivered,Meesho,JNE3800-KR-M,Western Dress,M,1,INR,735,BENGALURU,KARNATAKA,560015,IN,FALSE
459,403-4947593-1372365,4947593,Women,29,12/4/2022,Delivered,Amazon,JNE3820-KR-S,kurta,S,1,INR,475,MUMBAI,MAHARASHTRA,400086,IN,FALSE
460,402-4491188-7124367,4491188,Men,63,12/4/2022,Delivered,Amazon,J0399-DR-XXL,Western Dress,XXL,1,INR,791,Cheppad,KERALA,690507,IN,FALSE
461,402-4491188-7124367,4491188,Women,64,12/4/2022,Cancelled,Myntra,SET333-KR-DPT-XXL,Set,XXL,1,INR,898,CHENNAI,TAMIL NADU,600091,IN,FALSE
462,407-1775998-6454709,1775998,Women,35,12/4/2022,Delivered,Amazon,SET339-KR-NP-M,Set,M,1,INR,646,AHMEDABAD,GUJARAT,380061,IN,FALSE
463,408-8876998-9810704,8876998,Women,23,12/4/2022,Delivered,Flipkart,SET233-KR-PP-XXXL,Set,3XL,1,INR,545,UDAIPUR,RAJASTHAN,313002,IN,FALSE
464,406-0216823-6545905,216823,Women,33,12/4/2022,Delivered,Amazon,JNE3405-KR-M,kurta,M,1,INR,435,SURAT,GUJARAT,395009,IN,FALSE
465,406-1863792-6381102,1863792,Women,49,12/4/2022,Delivered,Nalli,JNE3405-KR-XL,kurta,XL,1,INR,399,BUCHIREDDIPALEM,ANDHRA PRADESH,524305,IN,FALSE
466,171-1002340-4588349,1002340,Women,52,12/4/2022,Delivered,Flipkart,SAR011,Saree,Free,1,INR,442,SOUTH GOA,GOA,403725,IN,FALSE
467,403-2216196-8989933,2216196,Women,29,12/4/2022,Delivered,Others,SET264-KR-NP-XL,Set,XL,1,INR,824,DHARWAD,KARNATAKA,580009,IN,FALSE
468,408-4300165-9396326,4300165,Women,38,12/4/2022,Delivered,Meesho,SET377-KR-NP-XL,Set,XL,1,INR,1238,SECUNDERABAD,TELANGANA,500104,IN,FALSE
469,406-8400190-2999545,8400190,Women,18,12/4/2022,Delivered,Meesho,SET265-KR-NP-XL,Set,XL,1,INR,835,HYDERABAD,TELANGANA,500050,IN,FALSE
470,405-9113248-9314745,9113248,Women,18,12/4/2022,Delivered,Flipkart,J0167-KR-XS,kurta,XS,1,INR,315,MALAPPURAM,KERALA,679334,IN,FALSE
471,402-5520338-9778758,5520338,Women,33,12/4/2022,Delivered,Meesho,JNE3405-KR-L,kurta,L,1,INR,449,KOLKATA,WEST BENGAL,700057,IN,FALSE
472,171-5510344-6923543,5510344,Women,59,12/4/2022,Delivered,Flipkart,SET098-KR-PP-M,Set,M,1,INR,759,CHENNAI,TAMIL NADU,600049,IN,FALSE
473,407-0648743-0725138,648743,Women,57,12/4/2022,Delivered,Amazon,SAR018,Saree,Free,1,INR,684,THANE,MAHARASHTRA,400607,IN,FALSE
474,171-4525940-0891507,4525940,Women,62,12/4/2022,Delivered,Ajio,J0148-SET-XL,Set,XL,1,INR,636,GHAZIABAD,UTTAR PRADESH,201005,IN,FALSE
475,171-4525940-0891507,4525940,Women,36,12/4/2022,Delivered,Nalli,JNE3703-KR-M,kurta,M,1,INR,292,KULLU,HIMACHAL PRADESH,175101,IN,FALSE
476,171-5487299-6205113,5487299,Women,30,12/4/2022,Delivered,Nalli,SET291-KR-PP-L,Set,L,1,INR,579,PIRANGUT,MAHARASHTRA,412115,IN,FALSE
477,171-3760677-1367533,3760677,Men,40,12/4/2022,Delivered,Flipkart,JNE3806-KR-XXXL,kurta,3XL,1,INR,545,BENGALURU,KARNATAKA,560086,IN,FALSE
478,408-3086922-1029106,3086922,Women,23,12/4/2022,Cancelled,Amazon,SET268-KR-NP-L,Set,L,1,INR,788,BENGALURU,KARNATAKA,560036,IN,FALSE
479,402-4283216-6574726,4283216,Women,39,12/4/2022,Delivered,Amazon,JNE3787-KR-XXL,kurta,XXL,1,INR,458,KANCHEEPURAM,TAMIL NADU,631501,IN,FALSE
480,402-4283216-6574726,4283216,Men,53,12/4/2022,Delivered,Flipkart,J0006-SET-S,Ethnic Dress,S,1,INR,899,BENGALURU,KARNATAKA,560037,IN,FALSE
481,408-0263159-4320328,263159,Women,47,12/4/2022,Returned,Myntra,SET400-KR-NP-L,Set,L,1,INR,1068,KALADHUNGI,UTTARAKHAND,263139,IN,FALSE
482,406-2735063-3679501,2735063,Women,32,12/4/2022,Delivered,Amazon,SET144-KR-NP-L,Set,L,1,INR,788,NEW DELHI,DELHI,110059,IN,FALSE
483,406-1908556-1071530,1908556,Women,31,12/4/2022,Delivered,Amazon,SAR017,Saree,Free,1,INR,968,VAISHALI,BIHAR,844101,IN,FALSE
484,406-0263726-5575551,263726,Women,57,12/4/2022,Delivered,Myntra,JNE3721-KR-XL,kurta,XL,1,INR,301,NEW DELHI,DELHI,110060,IN,FALSE
485,403-0828016-0451506,828016,Men,34,12/4/2022,Delivered,Myntra,J0341-DR-XL,Western Dress,XL,1,INR,744,THIRUVANANTHAPURAM,KERALA,695586,IN,FALSE
486,403-3510246-5512302,3510246,Women,18,12/4/2022,Delivered,Amazon,J0162-SKD-S,Set,S,1,INR,1199,FARIDPUR BAREILLY DISTRICT,UTTAR PRADESH,243503,IN,FALSE
487,403-1562996-3132350,1562996,Women,23,12/4/2022,Delivered,Myntra,BL104-S,Blouse,S,1,INR,625,ALLAHABAD,UTTAR PRADESH,211004,IN,FALSE
488,403-1562996-3132350,1562996,Women,69,12/4/2022,Delivered,Ajio,JNE3366-KR-1053-XL,kurta,XL,1,INR,382,Bengaluru,KARNATAKA,560035,IN,FALSE
489,402-1412370-9685169,1412370,Women,32,12/4/2022,Delivered,Amazon,SAR024,Saree,Free,1,INR,958,Rasayani,MAHARASHTRA,410222,IN,TRUE
490,403-0195090-0359513,195090,Women,31,12/4/2022,Returned,Flipkart,SET405-KR-NP-M,Set,M,1,INR,715,HYDERABAD,TELANGANA,500029,IN,FALSE
491,408-4805720-2828314,4805720,Women,48,12/4/2022,Cancelled,Flipkart,SET171-KR-NP-L,Set,L,1,INR,792,PUNE,MAHARASHTRA,411048,IN,FALSE
492,408-1482595-9961958,1482595,Women,55,12/4/2022,Delivered,Nalli,SAR024,Saree,Free,1,INR,1018,DHALIYUR,TAMIL NADU,641109,IN,FALSE
493,404-0561569-5414723,561569,Women,74,12/4/2022,Delivered,Amazon,J0134-SET-L,Set,L,1,INR,693,GURUGRAM,HARYANA,122001,IN,FALSE
494,404-9913700-4902721,9913700,Women,28,12/4/2022,Delivered,Flipkart,JNE3618-KR-M,kurta,M,1,INR,375,BENGALURU,KARNATAKA,560048,IN,FALSE
495,404-6038553-2708307,6038553,Women,21,12/4/2022,Delivered,Others,JNE3465-KR-XXL,kurta,XXL,1,INR,523,DOWLESWARAM,ANDHRA PRADESH,533125,IN,FALSE
496,407-3491457-0963526,3491457,Women,32,12/4/2022,Delivered,Ajio,SET333-KR-DPT-XXXL,Set,3XL,1,INR,967,PUDUCHERRY,PUDUCHERRY,605013,IN,FALSE
497,171-9395757-8658715,9395757,Women,47,12/4/2022,Delivered,Amazon,SET132-KR-NP-XXL,Set,XXL,1,INR,612,CHENNAI,TAMIL NADU,600024,IN,FALSE
498,171-5763184-9158761,5763184,Women,30,12/4/2022,Delivered,Flipkart,J0023-TP-XXL,Top,XXL,1,INR,375,PUNE,MAHARASHTRA,412307,IN,FALSE
499,404-3307096-8985128,3307096,Men,38,12/4/2022,Delivered,Amazon,J0157-DR-L,Western Dress,L,1,INR,956,BAPATLA,ANDHRA PRADESH,522101,IN,FALSE
